account_id,industry,country,referral_source,plan_tier,seats,is_trial,churn_flag,signup_date,last_churn_date,exit_or_censor_date,months_as_customer,churn_reason,refund_amount,total_subscriptions,average_mrr,upgrade_count,downgrade_count,auto_renew_rate,average_arr,ltv,total_usage,average_usage,total_usage_duration,total_errors,beta_feature_usage,distinct_features_used,total_tickets,average_resolution_time,average_first_response_time,average_satisfaction_score,escalation_rate
A-2e4581,EdTech,US,partner,Basic,9,False,False,2024-10-16,2024-12-05,2024-12-31,2.5,competitor,0.0,10,1260.3,1,0,0.8,15124.0,3151.0,535,9.727272727272727,152339,38,4,27,2.0,23.0,91.0,3.0,0.0
A-0a282f,DevTools,US,organic,Basic,1,False,False,2024-08-27,2024-12-31,2024-12-31,4.1,support,62.66,15,1219.0666666666666,1,1,1.0,14629.0,4998.0,821,9.891566265060241,251210,48,5,34,3.0,43.666666666666664,63.666666666666664,4.666666666666667,0.0
A-1f0ac7,HealthTech,UK,other,Basic,24,True,False,2023-08-27,2024-11-08,2024-12-31,16.2,support,0.0,7,1325.0,2,0,0.7142857142857143,15900.0,21465.0,382,9.317073170731707,102528,21,5,26,2.0,29.0,174.0,,0.0
A-ce550d,HealthTech,US,event,Enterprise,35,False,True,2024-10-27,2024-12-28,2024-12-28,2.0,budget,0.0,9,5417.888888888889,2,0,0.6666666666666666,65015.0,10836.0,579,9.982758620689655,215779,31,4,32,7.0,42.285714285714285,107.85714285714286,3.8,0.14285714285714285
A-1b9609,EdTech,IN,ads,Enterprise,4,False,False,2023-10-12,2024-11-16,2024-12-31,14.7,unknown,0.0,11,1528.1818181818182,0,0,0.8181818181818182,18338.0,22464.0,457,9.72340425531915,140541,21,6,28,4.0,43.0,74.75,3.0,0.0
A-a0ca4e,Cybersecurity,US,ads,Pro,11,False,False,2024-03-08,,2024-12-31,9.8,,,9,1848.111111111111,0,0,0.8888888888888888,22177.0,18111.0,373,9.564102564102564,116964,14,3,26,6.0,39.166666666666664,89.83333333333333,3.8,0.5
A-e5d6ab,EdTech,US,partner,Pro,3,False,False,2023-04-15,2024-05-11,2024-12-31,20.6,competitor,0.0,10,1304.8,0,0,0.9,15658.0,26879.0,382,9.317073170731707,111506,23,5,29,3.0,42.666666666666664,57.0,,0.0
A-7dacce,Cybersecurity,CA,event,Enterprise,12,False,True,2024-09-10,2024-12-27,2024-12-27,3.5,budget,0.0,10,2305.7,1,0,0.7,27668.0,8070.0,472,9.833333333333334,145429,29,5,27,4.0,32.5,75.25,3.6666666666666665,0.0
A-592832,Cybersecurity,US,organic,Basic,18,False,True,2024-09-25,2024-10-04,2024-10-04,0.3,support,22.66,19,1714.2631578947369,1,1,0.7894736842105263,20571.0,514.0,1053,10.425742574257425,326283,55,13,38,3.0,32.666666666666664,80.66666666666667,5.0,0.0
A-d40bf7,FinTech,IN,organic,Basic,59,False,False,2024-11-08,,2024-12-31,1.7,,,10,4324.7,1,0,0.6,51896.0,7352.0,562,10.218181818181819,150186,22,5,29,2.0,20.5,125.5,5.0,0.0
A-6c093d,DevTools,US,partner,Basic,7,True,False,2023-04-14,,2024-12-31,20.6,,,12,1353.5,2,0,0.8333333333333334,16242.0,27882.0,670,10.46875,217275,30,10,30,3.0,40.333333333333336,68.33333333333333,5.0,0.3333333333333333
A-462d45,Cybersecurity,US,partner,Enterprise,11,True,False,2024-01-15,2024-05-17,2024-12-31,11.5,competitor,0.0,12,1952.6666666666667,1,2,0.8333333333333334,23432.0,22456.0,642,9.304347826086957,159561,26,8,34,4.0,26.75,95.0,4.0,0.0
A-956988,EdTech,UK,ads,Enterprise,1,False,False,2024-11-30,2024-12-30,2024-12-31,1.0,unknown,0.0,13,2262.076923076923,0,1,0.7692307692307693,27145.0,2262.0,658,9.4,173232,49,8,32,2.0,50.5,118.0,3.0,0.0
A-ac14bb,FinTech,US,partner,Enterprise,21,False,False,2023-09-08,2024-10-01,2024-12-31,15.8,competitor,0.0,8,3468.25,2,0,0.875,41619.0,54798.0,531,9.833333333333334,170826,42,7,31,2.0,24.5,30.5,4.0,0.0
A-463db0,HealthTech,US,partner,Basic,15,False,False,2024-12-05,2024-12-30,2024-12-31,0.9,features,0.0,7,1895.142857142857,0,0,0.7142857142857143,22742.0,1706.0,367,9.91891891891892,106259,13,3,25,6.0,50.166666666666664,94.83333333333333,4.25,0.16666666666666666
A-ce66f8,EdTech,CA,event,Pro,29,False,False,2023-08-23,,2024-12-31,16.3,,,6,1976.3333333333333,0,0,1.0,23716.0,32214.0,494,10.73913043478261,133559,19,6,29,6.0,41.666666666666664,79.16666666666667,3.5,0.0
A-832ec2,FinTech,UK,event,Enterprise,4,True,False,2023-11-19,2024-09-15,2024-12-31,13.4,pricing,0.0,8,1162.375,3,0,0.375,13948.0,15576.0,511,10.428571428571429,157711,25,6,31,3.0,26.0,108.66666666666667,4.0,0.3333333333333333
A-684255,FinTech,US,ads,Enterprise,9,False,False,2024-04-14,2024-07-03,2024-12-31,8.6,unknown,0.0,14,846.0,3,1,0.6428571428571429,10152.0,7276.0,653,9.893939393939394,191849,44,15,34,4.0,14.25,97.75,4.666666666666667,0.25
A-c42f1f,HealthTech,US,other,Pro,8,False,False,2024-07-28,,2024-12-31,5.1,,,8,646.875,1,1,0.75,7762.0,3299.0,337,9.628571428571428,98383,20,5,24,9.0,31.333333333333332,81.88888888888889,4.0,0.1111111111111111
A-4e44e8,DevTools,US,ads,Enterprise,3,False,True,2024-08-20,2024-10-11,2024-10-11,1.7,budget,0.0,14,2603.214285714286,2,0,0.7857142857142857,31239.0,4425.0,687,9.956521739130435,208387,37,8,32,3.0,31.333333333333332,76.66666666666667,3.3333333333333335,0.0
A-30b4ca,EdTech,IN,organic,Basic,86,False,True,2024-05-20,2024-09-01,2024-09-01,3.4,features,0.0,8,9492.25,0,0,0.875,113907.0,32274.0,402,9.571428571428571,127433,22,10,28,3.0,57.666666666666664,108.33333333333333,4.0,0.0
A-9f2731,FinTech,IN,event,Enterprise,1,False,False,2024-10-04,2024-12-09,2024-12-31,2.9,unknown,136.94,7,516.1428571428571,0,1,1.0,6194.0,1497.0,324,10.125,98113,20,2,23,0.0,,,,0.0
A-32fb14,DevTools,US,event,Enterprise,26,False,True,2023-03-07,2024-04-28,2024-04-28,13.7,competitor,0.0,9,1129.111111111111,2,0,0.7777777777777778,13549.0,15469.0,488,10.382978723404255,150708,19,2,27,5.0,34.0,59.6,4.5,0.0
A-00cac8,HealthTech,AU,organic,Enterprise,8,True,False,2023-09-15,,2024-12-31,15.5,,,9,1569.0,0,1,0.8888888888888888,18828.0,24320.0,602,10.379310344827585,171366,31,7,30,2.0,33.0,120.5,,0.0
A-eb7fac,DevTools,US,organic,Enterprise,7,False,False,2023-10-28,2024-07-22,2024-12-31,14.1,unknown,0.0,10,4209.6,0,0,0.9,50515.0,59355.0,538,10.150943396226415,185729,44,6,27,4.0,34.0,126.5,4.0,0.0
A-b20d99,HealthTech,IN,other,Basic,20,False,False,2023-09-27,2024-03-04,2024-12-31,15.1,features,0.0,7,1581.2857142857142,1,0,0.8571428571428571,18975.0,23877.0,329,9.969696969696969,105214,12,5,22,2.0,61.5,27.0,3.5,0.0
A-396e5f,Cybersecurity,CA,other,Enterprise,2,False,False,2024-10-02,2024-11-30,2024-12-31,3.0,features,0.0,10,1023.6,2,1,0.8,12283.0,3071.0,540,9.818181818181818,175427,23,5,29,5.0,24.8,102.8,4.0,0.2
A-45ce7a,FinTech,US,ads,Enterprise,16,False,False,2023-07-23,,2024-12-31,17.3,,,7,1173.7142857142858,2,1,0.7142857142857143,14085.0,20305.0,424,10.871794871794872,124978,30,2,21,5.0,45.4,91.8,3.6666666666666665,0.0
A-08e34e,EdTech,US,event,Basic,14,False,True,2024-06-27,2024-09-01,2024-09-01,2.2,features,3.57,11,1983.7272727272727,0,0,0.6363636363636364,23805.0,4364.0,651,10.333333333333334,186929,32,7,34,3.0,43.0,84.0,3.0,0.0
A-8145a0,Cybersecurity,AU,partner,Basic,2,True,False,2023-04-25,2023-07-12,2024-12-31,20.2,features,0.0,12,1438.3333333333333,2,0,0.9166666666666666,17260.0,29054.0,693,10.828125,200177,27,5,32,6.0,23.666666666666668,90.16666666666667,4.0,0.0
A-bad8c1,FinTech,AU,organic,Basic,7,False,False,2023-03-01,2023-10-04,2024-12-31,22.0,unknown,0.0,7,1113.857142857143,2,0,1.0,13366.0,24505.0,385,10.405405405405405,125675,11,6,29,1.0,27.0,49.0,4.0,0.0
A-44dc83,EdTech,FR,other,Basic,5,False,False,2024-05-12,2024-11-29,2024-12-31,7.7,unknown,98.48,4,114.0,0,0,1.0,1368.0,878.0,248,10.333333333333334,81119,13,3,16,7.0,40.857142857142854,76.14285714285714,4.6,0.0
A-f446b6,DevTools,DE,ads,Pro,5,True,False,2023-05-12,,2024-12-31,19.7,,,9,1265.7777777777778,0,0,0.7777777777777778,15189.0,24936.0,376,9.64102564102564,127515,31,3,27,8.0,30.75,82.5,4.25,0.125
A-a45270,HealthTech,US,ads,Enterprise,3,False,False,2024-06-24,2024-11-12,2024-12-31,6.2,pricing,0.0,12,1677.5833333333333,2,1,0.75,20131.0,10401.0,733,10.32394366197183,222582,53,4,35,4.0,64.0,110.0,4.0,0.0
A-854864,FinTech,IN,event,Enterprise,20,False,False,2024-12-07,2024-12-24,2024-12-31,0.8,support,8.47,6,2459.8333333333335,0,0,0.8333333333333334,29518.0,1968.0,248,10.333333333333334,73517,10,4,17,5.0,44.2,100.8,4.8,0.0
A-1b7577,Cybersecurity,US,other,Pro,4,False,False,2024-10-27,,2024-12-31,2.1,,,11,797.3636363636364,0,1,1.0,9568.0,1674.0,647,10.435483870967742,195598,33,4,33,5.0,27.2,109.4,4.0,0.0
A-05f0e5,FinTech,US,partner,Basic,32,False,False,2023-05-04,2024-11-25,2024-12-31,19.9,features,72.19,12,4259.083333333333,2,0,0.8333333333333334,51109.0,84756.0,706,10.537313432835822,207116,46,9,32,4.0,20.0,108.5,4.0,0.0
A-9077b0,HealthTech,US,ads,Basic,2,False,False,2024-08-25,,2024-12-31,4.2,,,7,509.2857142857143,3,0,1.0,6111.0,2139.0,493,10.717391304347826,146301,31,5,26,3.0,40.333333333333336,136.33333333333334,4.333333333333333,0.0
A-2bc93d,HealthTech,US,event,Basic,14,False,False,2023-03-14,2024-08-15,2024-12-31,21.6,competitor,99.1,13,2491.846153846154,4,0,0.8461538461538461,29902.0,53824.0,666,9.940298507462687,215735,31,5,33,2.0,12.0,78.0,4.5,0.0
A-f3ff05,FinTech,IN,other,Enterprise,2,False,False,2024-07-06,2024-10-20,2024-12-31,5.8,unknown,0.0,13,1497.3076923076924,1,0,0.9230769230769231,17968.0,8684.0,672,10.181818181818182,210327,36,4,28,3.0,42.666666666666664,111.33333333333333,3.5,0.0
A-2d4502,FinTech,IN,event,Basic,7,False,False,2024-04-29,2024-05-07,2024-12-31,8.1,pricing,0.0,10,2907.1,2,0,0.7,34885.0,23548.0,465,9.893617021276595,127997,19,7,29,3.0,26.333333333333332,82.0,5.0,0.0
A-6a4e2d,EdTech,UK,partner,Pro,9,False,False,2023-04-07,2024-07-19,2024-12-31,20.8,budget,0.0,11,944.9090909090909,2,1,0.8181818181818182,11339.0,19654.0,597,10.11864406779661,172764,31,3,27,2.0,18.5,141.0,4.5,0.5
A-eb7c38,DevTools,AU,organic,Enterprise,5,False,False,2024-02-25,2024-03-22,2024-12-31,10.2,budget,6.26,15,2547.3333333333335,3,1,0.6666666666666666,30568.0,25983.0,693,9.9,203946,27,6,33,5.0,22.4,67.4,4.333333333333333,0.0
A-c37601,EdTech,US,partner,Basic,6,True,False,2024-10-31,2024-12-17,2024-12-31,2.0,support,0.0,12,1706.25,0,0,0.8333333333333334,20475.0,3412.0,489,10.1875,131835,21,3,28,4.0,42.25,83.0,3.6666666666666665,0.0
A-3b5cd1,FinTech,US,event,Basic,13,True,False,2023-09-12,2024-08-30,2024-12-31,15.6,unknown,77.87,13,1821.2307692307693,2,1,0.6923076923076923,21855.0,28411.0,523,10.057692307692308,177958,24,5,27,5.0,27.4,46.6,4.0,0.0
A-b2225d,FinTech,US,ads,Basic,47,False,True,2024-03-08,2024-06-27,2024-06-27,3.6,budget,0.0,12,1590.6666666666667,1,1,0.75,19088.0,5726.0,696,9.534246575342467,236693,60,5,34,2.0,42.0,38.0,3.0,0.0
A-94f8c9,HealthTech,US,other,Basic,13,False,False,2024-03-29,2024-05-02,2024-12-31,9.1,budget,0.0,16,1999.3125,2,1,0.875,23992.0,18194.0,746,9.688311688311689,204124,63,7,33,3.0,47.333333333333336,87.66666666666667,5.0,0.0
A-02fac6,FinTech,US,event,Pro,22,False,False,2023-04-06,2024-08-21,2024-12-31,20.9,support,0.0,11,2400.909090909091,1,0,0.8181818181818182,28811.0,50179.0,514,9.69811320754717,169854,34,5,32,6.0,23.333333333333332,100.5,4.0,0.0
A-c1dfe1,DevTools,DE,ads,Pro,26,False,False,2023-08-07,2024-06-06,2024-12-31,16.8,features,0.0,8,3223.75,1,2,0.625,38685.0,54159.0,375,9.615384615384615,127687,30,4,24,3.0,50.333333333333336,93.66666666666667,4.0,0.0
A-32728c,DevTools,US,event,Pro,20,False,True,2023-01-03,2024-07-19,2024-07-19,18.5,budget,7.58,8,562.25,1,0,1.0,6747.0,10402.0,418,10.195121951219512,115325,22,6,26,2.0,34.5,61.5,3.5,0.0
A-1b707d,Cybersecurity,US,organic,Enterprise,1,False,False,2023-07-14,2023-07-21,2024-12-31,17.6,competitor,0.0,8,1166.5,1,0,0.625,13998.0,20530.0,399,10.5,110456,12,3,27,3.0,42.666666666666664,75.33333333333333,,0.0
A-6f8ad2,EdTech,IN,organic,Basic,1,False,False,2024-07-09,,2024-12-31,5.7,,,17,1525.1764705882354,2,1,0.5882352941176471,18302.0,8694.0,924,10.5,261489,59,13,38,4.0,35.25,37.25,4.333333333333333,0.0
A-4d1e75,DevTools,US,other,Basic,20,False,False,2024-08-21,2024-09-05,2024-12-31,4.3,budget,0.0,13,2414.6153846153848,3,1,0.6923076923076923,28975.0,10383.0,477,9.352941176470589,148106,25,5,28,2.0,15.0,98.5,4.0,0.0
A-9ee962,HealthTech,US,ads,Basic,9,False,True,2023-02-28,2024-10-03,2024-10-03,19.2,support,0.0,9,1046.6666666666667,3,1,0.7777777777777778,12560.0,20096.0,439,11.256410256410257,120226,17,3,25,3.0,37.0,69.66666666666667,4.0,0.0
A-378b99,EdTech,UK,ads,Pro,8,True,False,2024-09-01,2024-10-12,2024-12-31,4.0,pricing,0.0,12,1009.6666666666666,1,1,1.0,12116.0,4039.0,565,9.741379310344827,187525,38,5,33,6.0,28.5,78.83333333333333,4.5,0.0
A-94d3da,HealthTech,US,other,Basic,41,False,False,2023-05-03,2024-04-12,2024-12-31,20.0,competitor,0.0,12,1889.4166666666667,1,0,0.6666666666666666,22673.0,37788.0,464,9.666666666666666,150051,25,5,29,6.0,26.833333333333332,80.5,3.5,0.0
A-e351e1,EdTech,US,other,Enterprise,33,False,False,2024-09-26,2024-12-04,2024-12-31,3.2,support,0.0,5,699.6,0,0,0.8,8395.0,2239.0,295,10.172413793103448,102452,22,3,18,4.0,17.0,65.25,3.75,0.0
A-9badbd,Cybersecurity,DE,ads,Enterprise,5,True,False,2024-06-19,,2024-12-31,6.4,,,13,2498.230769230769,0,0,0.7692307692307693,29979.0,15989.0,729,10.414285714285715,220382,45,8,33,5.0,30.2,102.6,5.0,0.0
A-7e0a10,FinTech,US,ads,Enterprise,46,False,False,2023-11-18,2024-09-26,2024-12-31,13.4,budget,0.0,10,4111.6,1,0,0.7,49339.0,55095.0,511,10.22,173162,35,5,34,5.0,39.4,62.6,4.0,0.0
A-118d55,Cybersecurity,US,organic,Basic,8,False,False,2024-10-22,2024-12-27,2024-12-31,2.3,pricing,0.0,12,1993.25,3,4,0.75,23919.0,4584.0,599,9.983333333333333,168143,33,5,29,5.0,24.2,56.8,4.333333333333333,0.0
A-526d93,HealthTech,FR,organic,Basic,43,False,False,2024-04-14,2024-09-25,2024-12-31,8.6,support,0.0,9,4355.666666666667,2,0,0.5555555555555556,52268.0,37459.0,565,10.089285714285714,159213,45,5,28,5.0,51.4,134.6,3.5,0.2
A-f92792,FinTech,US,ads,Pro,1,False,False,2024-07-04,2024-11-03,2024-12-31,5.9,features,0.0,14,1343.357142857143,1,1,0.5714285714285714,16120.0,7926.0,528,9.962264150943396,149124,31,6,32,2.0,45.0,82.0,4.0,0.0
A-84ebe4,FinTech,US,ads,Pro,18,True,True,2023-03-12,2024-01-20,2024-01-20,10.3,support,0.0,11,2544.909090909091,0,0,0.9090909090909091,30539.0,26213.0,396,9.428571428571429,123655,26,7,27,4.0,29.5,135.5,4.0,0.0
A-2922b6,HealthTech,US,organic,Basic,15,False,False,2024-11-14,2024-12-25,2024-12-31,1.5,competitor,0.0,6,1778.1666666666667,1,0,0.8333333333333334,21338.0,2667.0,393,10.621621621621621,117237,13,2,27,2.0,15.5,103.0,4.0,0.0
A-9b9fe9,EdTech,AU,other,Basic,5,False,False,2023-09-28,2024-09-04,2024-12-31,15.1,features,0.0,12,1643.75,0,1,0.8333333333333334,19725.0,24821.0,597,10.293103448275861,196701,22,3,30,4.0,33.5,156.5,4.0,0.0
A-a8b49c,Cybersecurity,UK,partner,Basic,7,False,False,2023-10-06,2024-06-17,2024-12-31,14.8,features,0.0,12,963.9166666666666,1,0,0.9166666666666666,11567.0,14266.0,545,10.092592592592593,183399,43,1,27,1.0,72.0,105.0,4.0,0.0
A-9174e0,Cybersecurity,US,partner,Basic,37,False,False,2024-12-04,,2024-12-31,0.9,,,15,3598.4,2,0,0.8,43181.0,3239.0,689,9.985507246376812,206138,61,6,34,2.0,39.0,167.0,5.0,0.0
A-a1bbb6,DevTools,CA,organic,Basic,1,False,False,2023-04-05,,2024-12-31,20.9,,,8,1800.25,0,0,0.625,21603.0,37625.0,366,9.891891891891891,118465,20,7,23,3.0,17.666666666666668,120.66666666666667,4.0,0.0
A-c45b23,FinTech,UK,partner,Basic,5,False,False,2023-12-08,2024-03-24,2024-12-31,12.8,support,0.0,12,708.6666666666666,0,0,0.75,8504.0,9071.0,581,9.847457627118644,181056,30,10,32,3.0,36.666666666666664,51.666666666666664,3.0,0.0
A-02cd81,HealthTech,IN,other,Basic,44,False,False,2024-03-28,2024-04-30,2024-12-31,9.1,pricing,0.0,14,2354.0,0,0,0.7857142857142857,28248.0,21421.0,684,9.5,219304,28,5,31,3.0,17.333333333333332,84.66666666666667,4.5,0.3333333333333333
A-ee42db,EdTech,DE,ads,Enterprise,13,False,False,2023-04-25,2024-11-12,2024-12-31,20.2,unknown,23.52,12,963.9166666666666,1,1,0.9166666666666666,11567.0,19471.0,511,9.462962962962964,150876,33,6,31,4.0,33.75,98.25,3.0,0.0
A-432483,Cybersecurity,US,ads,Pro,4,False,False,2023-02-06,,2024-12-31,22.8,,,9,2868.1111111111113,1,0,0.7777777777777778,34417.0,65393.0,451,10.022222222222222,151460,28,4,25,1.0,51.0,128.0,,0.0
A-9208f0,EdTech,US,organic,Pro,1,False,True,2023-05-11,2024-11-09,2024-11-09,18.0,features,0.0,8,438.875,1,0,0.875,5266.0,7900.0,538,10.150943396226415,158701,31,6,29,8.0,41.25,59.75,3.3333333333333335,0.125
A-98a59a,FinTech,UK,partner,Enterprise,56,False,False,2023-08-04,2024-09-11,2024-12-31,16.9,support,0.0,10,3645.6,2,1,0.6,43747.0,61611.0,455,10.340909090909092,124429,21,8,27,3.0,37.333333333333336,74.0,4.5,0.0
A-fe79a5,HealthTech,IN,ads,Basic,9,True,False,2024-02-21,,2024-12-31,10.3,,,10,1353.2,2,0,0.9,16238.0,13938.0,335,10.151515151515152,96672,17,2,22,4.0,28.5,61.0,5.0,0.0
A-726cfa,DevTools,US,partner,Pro,11,False,False,2023-07-01,2024-08-08,2024-12-31,18.0,support,122.11,19,1830.6315789473683,2,0,0.8421052631578947,21968.0,32951.0,993,10.13265306122449,281986,45,15,40,3.0,35.666666666666664,128.33333333333334,4.0,0.0
A-c43359,FinTech,US,organic,Pro,38,False,False,2024-11-16,2024-12-19,2024-12-31,1.5,support,8.92,8,1539.0,2,1,1.0,18468.0,2308.0,461,9.808510638297872,147051,32,5,28,3.0,26.666666666666668,107.33333333333333,4.0,0.0
A-271f46,DevTools,US,event,Pro,38,False,True,2023-02-09,2024-08-09,2024-08-09,18.0,features,0.0,8,2450.5,0,0,1.0,29406.0,44109.0,373,9.81578947368421,114563,16,1,25,1.0,36.0,79.0,,0.0
A-157070,FinTech,US,ads,Pro,16,False,False,2023-11-09,2024-12-27,2024-12-31,13.7,features,0.0,16,1719.125,2,1,0.875,20630.0,23552.0,696,9.80281690140845,186928,26,7,37,3.0,42.333333333333336,118.0,3.0,0.3333333333333333
A-40a557,Cybersecurity,AU,partner,Pro,16,True,False,2023-12-03,2023-12-08,2024-12-31,12.9,budget,0.0,9,2591.5555555555557,1,0,1.0,31099.0,33431.0,402,10.307692307692308,114217,17,3,25,7.0,30.571428571428573,94.71428571428571,3.6666666666666665,0.0
A-66224b,HealthTech,US,other,Pro,92,True,False,2024-10-18,,2024-12-31,2.4,,,12,5765.333333333333,0,0,0.75,69184.0,13837.0,626,10.262295081967213,185229,29,10,34,6.0,39.833333333333336,82.5,3.5,0.0
A-91e948,EdTech,AU,partner,Basic,41,False,False,2023-01-29,,2024-12-31,23.1,,,7,3127.714285714286,2,0,1.0,37533.0,72250.0,404,10.1,115260,16,0,23,0.0,,,,0.0
A-104f1a,Cybersecurity,US,other,Pro,24,False,False,2024-08-17,2024-12-11,2024-12-31,4.5,unknown,0.0,8,1577.125,0,0,0.875,18926.0,7097.0,438,9.954545454545455,156949,22,2,28,5.0,33.2,50.4,3.75,0.2
A-7988d1,Cybersecurity,US,other,Basic,33,False,False,2023-12-20,2024-12-24,2024-12-31,12.4,unknown,0.0,9,1188.0,0,0,0.7777777777777778,14256.0,14731.0,449,9.76086956521739,138265,28,7,31,3.0,35.333333333333336,65.33333333333333,4.333333333333333,0.0
A-faa28c,HealthTech,US,organic,Enterprise,48,False,False,2024-01-30,2024-08-20,2024-12-31,11.0,features,0.0,14,4171.714285714285,3,0,0.7857142857142857,50061.0,45889.0,585,9.915254237288135,162007,24,5,25,4.0,52.25,115.5,4.666666666666667,0.25
A-f25509,EdTech,US,other,Enterprise,32,False,False,2024-03-22,2024-11-10,2024-12-31,9.3,features,0.0,5,3224.4,0,1,0.8,38693.0,29987.0,229,9.956521739130435,73603,15,3,17,6.0,42.666666666666664,116.0,4.666666666666667,0.0
A-3a7284,FinTech,US,organic,Enterprise,31,False,False,2024-11-17,2024-12-26,2024-12-31,1.4,unknown,0.0,12,2959.9166666666665,1,2,0.9166666666666666,35519.0,4144.0,609,10.15,191562,30,9,33,3.0,56.333333333333336,104.33333333333333,3.5,0.0
A-3a5ad8,HealthTech,US,organic,Enterprise,9,True,False,2023-12-05,,2024-12-31,12.9,,,13,2207.769230769231,1,1,0.8461538461538461,26493.0,28480.0,506,9.73076923076923,127878,23,7,27,4.0,44.75,53.5,4.5,0.0
A-65a46c,HealthTech,US,event,Pro,1,False,False,2023-11-04,,2024-12-31,13.9,,,8,2834.375,2,0,0.875,34012.0,39398.0,370,9.736842105263158,115219,21,7,24,8.0,45.125,91.125,4.0,0.0
A-fabe19,DevTools,UK,ads,Enterprise,1,False,False,2024-11-11,,2024-12-31,1.6,,,7,2928.1428571428573,2,0,0.42857142857142855,35138.0,4685.0,337,10.212121212121213,112966,16,1,20,3.0,40.666666666666664,38.333333333333336,4.0,0.0
A-adc1f3,Cybersecurity,US,organic,Pro,2,False,False,2024-08-05,,2024-12-31,4.9,,,9,2956.4444444444443,0,0,0.7777777777777778,35477.0,14487.0,334,9.277777777777779,120133,26,5,24,3.0,47.333333333333336,65.0,3.5,0.0
A-fd7ad3,Cybersecurity,US,event,Enterprise,1,False,False,2024-11-01,2024-12-31,2024-12-31,2.0,unknown,0.0,10,383.1,2,0,0.9,4597.0,766.0,567,10.125,171957,42,9,31,8.0,48.75,98.125,4.166666666666667,0.125
A-186a44,HealthTech,US,ads,Enterprise,20,False,False,2023-08-07,,2024-12-31,16.8,,,14,1499.2142857142858,1,1,0.7142857142857143,17991.0,25187.0,614,10.065573770491802,205539,25,7,30,7.0,38.285714285714285,110.42857142857143,3.5,0.0
A-e888d1,Cybersecurity,US,other,Pro,14,False,False,2023-03-28,2024-11-29,2024-12-31,21.2,features,6.38,11,1240.5454545454545,1,0,0.7272727272727273,14887.0,26300.0,552,10.615384615384615,158087,36,5,31,5.0,43.0,104.0,4.0,0.2
A-69fad4,FinTech,UK,ads,Basic,6,False,True,2023-04-06,2024-06-17,2024-06-17,14.4,support,0.0,7,1245.857142857143,0,0,0.8571428571428571,14950.0,17940.0,412,10.564102564102564,124646,24,4,24,4.0,43.0,116.75,3.6666666666666665,0.0
A-9289f6,EdTech,US,event,Enterprise,1,False,False,2023-05-31,2023-08-24,2024-12-31,19.1,support,17.93,12,1091.3333333333333,2,0,0.8333333333333334,13096.0,20844.0,642,9.441176470588236,200375,38,7,33,6.0,37.5,70.0,4.333333333333333,0.0
A-f19409,DevTools,US,other,Basic,23,False,True,2023-03-16,2023-05-25,2023-05-25,2.3,features,0.0,12,2844.6666666666665,2,0,0.8333333333333334,34136.0,6543.0,659,10.629032258064516,209812,31,12,33,3.0,6.333333333333333,103.33333333333333,4.0,0.0
A-22f2df,DevTools,US,ads,Basic,3,False,False,2024-12-14,,2024-12-31,0.6,,,9,827.8888888888889,1,1,0.7777777777777778,9935.0,497.0,429,10.214285714285714,119127,17,5,25,5.0,44.8,71.6,5.0,0.0
A-039727,EdTech,AU,organic,Pro,25,False,False,2024-11-02,2024-12-22,2024-12-31,1.9,pricing,46.49,15,2428.0,3,2,0.8,29136.0,4613.0,768,10.378378378378379,249545,32,3,33,0.0,,,,0.0
A-2e3bad,FinTech,CA,other,Pro,61,False,False,2023-08-13,2024-03-30,2024-12-31,16.6,features,0.0,10,4587.2,0,0,0.8,55046.0,76148.0,435,9.666666666666666,123738,26,6,25,5.0,31.4,107.0,3.5,0.0
A-484819,HealthTech,US,organic,Pro,18,False,False,2023-02-21,2023-12-29,2024-12-31,22.3,support,0.0,8,2575.5,3,0,0.875,30906.0,57434.0,336,10.181818181818182,116076,20,3,22,5.0,33.2,139.6,4.5,0.0
A-425e76,DevTools,UK,other,Enterprise,8,False,True,2023-05-17,2024-10-22,2024-10-22,17.2,competitor,0.0,11,1555.5454545454545,1,0,0.9090909090909091,18667.0,26755.0,438,9.125,136419,24,5,29,5.0,48.2,119.2,3.3333333333333335,0.2
A-e83938,DevTools,UK,other,Pro,2,True,True,2023-11-21,2024-12-29,2024-12-29,13.3,budget,13.5,8,937.875,2,0,0.75,11254.0,12474.0,266,8.580645161290322,87249,18,2,22,4.0,31.0,72.5,3.0,0.0
A-ad296b,DevTools,AU,event,Pro,38,False,False,2024-07-15,,2024-12-31,5.6,,,6,3071.6666666666665,0,0,1.0,36860.0,17201.0,294,9.483870967741936,103805,12,2,24,3.0,28.333333333333332,83.33333333333333,3.6666666666666665,0.3333333333333333
A-e51ec7,FinTech,CA,partner,Enterprise,2,False,False,2023-09-23,2024-04-07,2024-12-31,15.3,budget,0.0,8,3009.5,2,1,0.75,36114.0,46045.0,417,10.425,126745,18,4,26,3.0,37.0,93.33333333333333,5.0,0.0
A-0aaf6e,FinTech,US,organic,Enterprise,3,False,False,2024-05-11,,2024-12-31,7.7,,,9,2676.0,0,0,0.6666666666666666,32112.0,20605.0,599,10.508771929824562,172442,39,6,25,5.0,45.0,75.4,4.0,0.0
A-e61e98,FinTech,US,partner,Enterprise,19,False,True,2023-10-20,2024-10-19,2024-10-19,12.0,features,0.0,9,1498.2222222222222,2,0,0.7777777777777778,17979.0,17979.0,527,9.410714285714286,131994,25,7,32,6.0,30.333333333333332,88.5,4.6,0.16666666666666666
A-92a333,FinTech,US,event,Enterprise,9,False,False,2023-03-24,,2024-12-31,21.3,,,6,1776.5,0,1,1.0,21318.0,37839.0,364,10.11111111111111,103645,30,2,22,4.0,23.25,58.25,,0.25
A-42e5e1,DevTools,US,ads,Pro,1,False,True,2024-07-09,2024-10-04,2024-10-04,2.9,pricing,0.0,7,1273.7142857142858,1,1,0.8571428571428571,15285.0,3694.0,411,10.024390243902438,116704,41,2,24,3.0,29.0,81.33333333333333,4.0,0.0
A-7d514c,HealthTech,DE,organic,Enterprise,17,False,False,2024-02-03,,2024-12-31,10.9,,,9,2697.1111111111113,2,0,0.8888888888888888,32365.0,29399.0,502,10.458333333333334,146707,30,7,30,3.0,33.333333333333336,49.666666666666664,5.0,0.0
A-65aeb5,DevTools,US,partner,Pro,9,False,False,2024-01-25,2024-12-02,2024-12-31,11.2,budget,0.0,12,2866.0,0,1,0.75,34392.0,32099.0,533,9.690909090909091,148034,40,3,30,2.0,42.5,159.5,5.0,0.0
A-e2cd1b,DevTools,US,other,Enterprise,15,False,False,2024-02-04,,2024-12-31,10.9,,,9,1394.2222222222222,1,0,1.0,16731.0,15197.0,465,9.489795918367347,138043,18,7,29,5.0,37.8,76.0,4.0,0.0
A-180abf,DevTools,US,event,Pro,64,False,True,2023-08-14,2024-09-12,2024-09-12,13.0,support,0.0,9,4145.777777777777,2,0,0.7777777777777778,49749.0,53895.0,499,10.395833333333334,136250,28,5,29,3.0,36.333333333333336,62.333333333333336,3.0,0.0
A-f17767,DevTools,US,event,Enterprise,1,True,True,2023-01-30,2023-05-03,2023-05-03,3.1,pricing,0.0,14,1152.7857142857142,3,1,0.9285714285714286,13833.0,3574.0,713,10.333333333333334,208977,38,4,35,3.0,36.333333333333336,115.0,4.0,0.3333333333333333
A-5a184f,DevTools,DE,other,Enterprise,1,False,True,2023-06-19,2024-09-11,2024-09-11,14.8,support,0.0,10,2068.3,0,1,1.0,24820.0,30611.0,587,10.298245614035087,175629,29,2,30,3.0,15.333333333333334,42.333333333333336,4.333333333333333,0.0
A-7df7a7,DevTools,US,organic,Basic,7,False,True,2023-01-28,2024-07-10,2024-07-10,17.4,budget,0.0,15,1943.6666666666667,0,2,0.8,23324.0,33820.0,922,10.131868131868131,256811,47,10,36,3.0,28.0,93.0,4.0,0.3333333333333333
A-52dd88,Cybersecurity,US,ads,Pro,23,False,False,2023-02-21,,2024-12-31,22.3,,,11,1508.3636363636363,1,0,0.6363636363636364,18100.0,33637.0,516,10.32,180823,33,4,28,1.0,72.0,111.0,,0.0
A-bece89,Cybersecurity,IN,event,Pro,26,False,False,2023-12-01,2024-07-27,2024-12-31,13.0,unknown,53.61,6,3208.3333333333335,1,0,0.6666666666666666,38500.0,41708.0,176,9.263157894736842,48112,13,2,16,4.0,32.5,103.75,4.0,0.25
A-029f69,Cybersecurity,CA,event,Basic,3,False,False,2024-03-07,2024-12-14,2024-12-31,9.8,competitor,32.73,16,914.875,2,0,0.625,10978.0,8966.0,789,9.392857142857142,241275,42,9,37,2.0,42.0,108.0,3.0,0.0
A-5c046d,EdTech,FR,partner,Basic,93,False,False,2024-07-06,,2024-12-31,5.8,,,8,10485.75,0,0,0.75,125829.0,60817.0,475,10.326086956521738,127926,23,5,27,1.0,13.0,128.0,3.0,0.0
A-fb186e,EdTech,IN,organic,Basic,29,False,False,2024-10-27,,2024-12-31,2.1,,,3,1923.6666666666667,0,0,0.6666666666666666,23084.0,4040.0,207,10.35,72170,7,3,15,6.0,26.166666666666668,81.0,3.6666666666666665,0.0
A-ae052e,FinTech,CA,other,Basic,39,False,False,2023-09-11,2024-12-14,2024-12-31,15.7,competitor,0.0,6,1282.1666666666667,1,1,1.0,15386.0,20130.0,300,10.344827586206897,88383,12,6,24,4.0,31.25,60.5,4.0,0.0
A-9f9299,FinTech,US,organic,Enterprise,28,True,False,2023-09-02,2024-10-08,2024-12-31,16.0,competitor,0.0,15,2826.866666666667,0,0,0.6,33922.0,45230.0,830,9.764705882352942,258465,54,10,37,5.0,36.2,116.2,5.0,0.0
A-96e141,DevTools,UK,partner,Basic,14,False,False,2023-08-12,2024-09-22,2024-12-31,16.7,budget,0.0,7,2209.714285714286,0,0,1.0,26517.0,36902.0,346,9.61111111111111,81587,19,2,26,5.0,32.8,68.4,4.333333333333333,0.0
A-117171,HealthTech,FR,organic,Basic,45,False,True,2024-09-12,2024-11-14,2024-11-14,2.1,pricing,0.0,5,2403.0,0,1,1.0,28836.0,5046.0,208,9.904761904761905,59864,11,1,15,6.0,32.5,68.33333333333333,3.6666666666666665,0.16666666666666666
A-313be3,EdTech,US,partner,Enterprise,47,True,False,2023-11-15,2024-03-23,2024-12-31,13.5,features,43.03,11,1727.8181818181818,1,0,0.7272727272727273,20734.0,23326.0,560,9.824561403508772,164545,40,3,33,4.0,22.5,80.25,5.0,0.25
A-671f31,DevTools,US,ads,Basic,59,False,False,2024-11-24,,2024-12-31,1.2,,,6,5064.166666666667,0,1,0.8333333333333334,60770.0,6077.0,167,9.823529411764707,43449,16,0,13,7.0,33.0,78.0,4.2,0.0
A-bbc346,FinTech,US,partner,Enterprise,19,False,False,2024-08-29,2024-11-03,2024-12-31,4.1,competitor,15.46,13,2547.846153846154,3,2,0.8461538461538461,30574.0,10446.0,650,10.483870967741936,179376,37,6,34,3.0,45.333333333333336,102.66666666666667,4.5,0.0
A-c16101,EdTech,IN,other,Basic,7,False,False,2024-09-06,2024-12-19,2024-12-31,3.8,features,0.0,10,1242.2,1,1,0.9,14906.0,4720.0,561,10.2,185984,29,9,31,4.0,28.0,82.0,5.0,0.25
A-7da956,Cybersecurity,US,event,Pro,13,True,False,2024-06-02,,2024-12-31,7.0,,,12,913.5833333333334,1,2,0.9166666666666666,10963.0,6395.0,543,10.647058823529411,150431,35,4,28,3.0,32.666666666666664,88.0,5.0,0.0
A-019782,DevTools,FR,event,Enterprise,11,False,False,2023-04-19,,2024-12-31,20.4,,,9,928.1111111111111,1,0,0.6666666666666666,11137.0,18933.0,562,10.218181818181819,160848,30,3,28,2.0,10.0,107.0,3.0,0.0
A-df10db,DevTools,US,other,Enterprise,2,True,False,2023-06-06,2024-07-12,2024-12-31,18.9,competitor,0.0,11,1066.3636363636363,2,0,0.8181818181818182,12796.0,20154.0,697,10.890625,214976,40,2,31,2.0,68.5,86.5,3.0,0.5
A-4f18f0,DevTools,CA,other,Pro,24,True,False,2024-04-21,2024-12-01,2024-12-31,8.3,features,0.0,12,2522.0,0,1,0.75,30264.0,20933.0,544,9.543859649122806,168051,25,6,33,5.0,39.2,61.4,4.0,0.0
A-4c6f11,FinTech,CA,organic,Pro,24,True,True,2023-11-27,2024-10-18,2024-10-18,10.7,competitor,0.0,5,1517.2,0,1,0.6,18206.0,16234.0,268,11.166666666666666,84855,4,1,20,3.0,44.666666666666664,63.0,4.333333333333333,0.0
A-8ae05d,FinTech,IN,other,Enterprise,86,False,False,2024-04-06,2024-08-30,2024-12-31,8.8,unknown,0.0,7,3747.1428571428573,0,0,0.7142857142857143,44966.0,32975.0,203,10.15,77446,10,1,16,1.0,47.0,48.0,4.0,0.0
A-b78bf8,DevTools,US,event,Pro,33,False,False,2024-11-15,2024-12-06,2024-12-31,1.5,unknown,0.0,8,2802.875,1,1,1.0,33634.0,4204.0,421,10.023809523809524,123802,11,7,24,5.0,24.2,88.8,4.2,0.0
A-eafc6e,DevTools,US,partner,Pro,27,False,True,2023-07-06,2024-12-12,2024-12-12,17.2,unknown,0.0,7,2318.4285714285716,0,0,0.8571428571428571,27821.0,39877.0,300,9.375,90218,15,3,23,1.0,64.0,136.0,,0.0
A-37f969,HealthTech,IN,partner,Enterprise,30,False,False,2023-10-14,2024-12-12,2024-12-31,14.6,competitor,50.41,8,2869.875,2,0,0.75,34438.0,41900.0,312,9.75,107852,14,5,25,5.0,22.2,94.0,3.6666666666666665,0.2
A-10b8f2,HealthTech,DE,organic,Basic,47,True,False,2023-01-11,2024-06-04,2024-12-31,23.7,support,0.0,12,2559.9166666666665,1,0,0.6666666666666666,30719.0,60670.0,560,10.0,173183,23,10,29,3.0,46.333333333333336,67.0,4.333333333333333,0.0
A-439b2f,DevTools,US,ads,Enterprise,1,False,True,2024-02-21,2024-11-18,2024-11-18,8.9,features,0.0,6,299.3333333333333,1,0,0.8333333333333334,3592.0,2664.0,171,8.55,54271,5,2,14,3.0,18.333333333333332,85.33333333333333,,0.0
A-544d0a,DevTools,US,organic,Basic,2,True,False,2024-05-02,,2024-12-31,8.0,,,10,1849.2,1,2,0.7,22190.0,14794.0,510,10.851063829787234,152826,22,7,27,2.0,38.5,98.0,4.0,0.5
A-ba6516,FinTech,US,ads,Pro,27,False,False,2023-10-29,2024-03-17,2024-12-31,14.1,budget,0.0,13,2183.0,1,3,0.7692307692307693,26196.0,30780.0,642,10.7,213554,32,8,31,6.0,31.5,71.0,4.0,0.0
A-712426,HealthTech,US,other,Enterprise,9,False,False,2024-11-10,2024-12-23,2024-12-31,1.7,features,0.0,15,746.4666666666667,2,0,1.0,8958.0,1269.0,696,9.942857142857143,214681,31,6,32,6.0,37.333333333333336,79.16666666666667,4.4,0.0
A-038089,DevTools,FR,other,Pro,5,False,True,2023-12-19,2024-12-25,2024-12-25,12.2,features,19.34,3,701.3333333333334,0,0,1.0,8416.0,8556.0,210,10.5,63673,15,1,15,6.0,30.166666666666668,86.16666666666667,3.6666666666666665,0.0
A-afa505,DevTools,US,partner,Basic,70,True,False,2023-12-27,2024-03-02,2024-12-31,12.2,support,0.0,9,7334.444444444444,2,1,0.5555555555555556,88013.0,89480.0,507,9.941176470588236,162673,28,8,33,4.0,37.25,88.25,3.0,0.25
A-f97b9a,FinTech,US,event,Pro,16,False,False,2023-07-09,,2024-12-31,17.8,,,11,2166.6363636363635,1,0,0.7272727272727273,26000.0,38566.0,561,10.017857142857142,173241,33,6,29,7.0,31.714285714285715,69.85714285714286,3.6666666666666665,0.0
A-2f6a32,HealthTech,US,organic,Basic,19,False,False,2024-08-26,,2024-12-31,4.2,,,11,683.0,1,0,1.0,8196.0,2869.0,654,9.909090909090908,207283,46,6,32,2.0,41.0,72.0,3.5,0.0
A-856b1e,FinTech,US,partner,Basic,19,False,False,2023-10-31,,2024-12-31,14.0,,,6,1053.5,1,0,0.8333333333333334,12642.0,14749.0,230,10.0,63418,24,4,17,5.0,36.0,79.4,,0.2
A-17939a,HealthTech,US,organic,Basic,1,False,False,2024-12-26,,2024-12-31,0.2,,,11,879.0,0,0,0.8181818181818182,10548.0,176.0,440,9.361702127659575,121725,43,5,25,7.0,38.0,83.42857142857143,4.5,0.0
A-d27f50,Cybersecurity,UK,ads,Enterprise,44,False,False,2024-07-20,,2024-12-31,5.4,,,12,3734.5833333333335,1,0,0.75,44815.0,20167.0,481,9.62,170101,31,4,29,4.0,37.5,116.5,3.75,0.0
A-e36807,EdTech,AU,other,Pro,6,False,False,2024-05-17,,2024-12-31,7.5,,,10,1256.9,0,0,0.8,15083.0,9427.0,446,9.10204081632653,140849,27,4,27,2.0,41.0,152.0,4.5,0.0
A-5b1bcd,DevTools,US,organic,Pro,73,False,False,2023-09-16,2024-08-07,2024-12-31,15.5,competitor,4.45,15,8886.533333333333,3,0,0.8666666666666667,106638.0,137741.0,869,10.104651162790697,251284,54,6,34,4.0,43.25,92.5,4.5,0.0
A-71615e,EdTech,US,organic,Basic,15,False,False,2024-05-18,2024-07-16,2024-12-31,7.5,pricing,0.0,13,3131.769230769231,3,0,0.7692307692307693,37581.0,23488.0,620,10.0,194799,41,4,29,1.0,49.0,77.0,,0.0
A-794a0b,HealthTech,DE,organic,Basic,23,False,False,2023-06-02,2024-09-09,2024-12-31,19.0,budget,0.0,7,1510.7142857142858,0,0,0.7142857142857143,18129.0,28704.0,347,9.131578947368421,94200,31,1,28,0.0,,,,0.0
A-86902e,HealthTech,IN,other,Enterprise,34,False,False,2023-05-02,2024-12-07,2024-12-31,20.0,features,0.0,10,3604.1,2,0,0.9,43249.0,72082.0,628,9.968253968253968,202329,36,6,32,9.0,40.888888888888886,71.44444444444444,3.5,0.0
A-0532a9,FinTech,IN,event,Pro,19,False,False,2024-09-25,2024-10-09,2024-12-31,3.2,pricing,2.4,10,1516.1,4,1,0.5,18193.0,4852.0,519,9.61111111111111,157792,30,7,30,8.0,30.75,73.375,3.0,0.0
A-9779ad,Cybersecurity,AU,event,Pro,40,True,True,2024-03-29,2024-08-11,2024-08-11,4.4,features,0.0,10,5168.0,0,0,0.5,62016.0,22739.0,413,9.604651162790697,109079,25,3,29,3.0,20.666666666666668,116.33333333333333,5.0,0.0
A-f45426,HealthTech,US,organic,Basic,9,False,False,2024-08-05,2024-11-13,2024-12-31,4.9,pricing,0.0,11,1571.7272727272727,0,3,0.7272727272727273,18861.0,7701.0,624,10.229508196721312,191651,49,5,33,3.0,17.0,69.0,4.0,0.0
A-c1e51e,FinTech,US,organic,Basic,3,False,False,2024-10-02,2024-12-20,2024-12-31,3.0,support,0.0,10,2390.5,1,1,1.0,28686.0,7172.0,518,10.36,152228,36,7,28,5.0,40.0,75.6,3.2,0.0
A-fa3095,FinTech,US,ads,Basic,70,False,False,2023-09-03,2023-12-23,2024-12-31,15.9,support,0.0,12,5769.166666666667,0,0,1.0,69230.0,91730.0,600,10.169491525423728,202100,42,5,31,5.0,49.2,84.0,5.0,0.0
A-ad64c6,DevTools,UK,event,Pro,12,False,False,2024-02-23,2024-07-29,2024-12-31,10.2,unknown,0.0,6,2451.3333333333335,0,0,0.6666666666666666,29416.0,25004.0,215,10.75,79605,18,2,16,4.0,34.0,98.5,5.0,0.0
A-39b19f,FinTech,US,partner,Enterprise,1,False,False,2023-02-03,2023-03-11,2024-12-31,22.9,unknown,0.0,11,1930.6363636363637,1,1,0.7272727272727273,23168.0,44212.0,530,9.636363636363637,135061,37,5,30,6.0,47.833333333333336,87.5,4.25,0.16666666666666666
A-56962b,EdTech,UK,partner,Enterprise,163,False,False,2024-04-09,2024-08-26,2024-12-31,8.7,pricing,0.0,7,7800.714285714285,1,0,0.8571428571428571,93609.0,67866.0,271,9.344827586206897,81944,25,4,16,4.0,37.5,105.5,3.0,0.0
A-e60f9d,FinTech,US,other,Basic,29,False,False,2024-08-26,,2024-12-31,4.2,,,15,3387.8,0,2,0.9333333333333333,40654.0,14229.0,629,10.14516129032258,158587,24,5,30,2.0,70.5,106.5,,0.0
A-158f4e,FinTech,IN,other,Enterprise,61,False,False,2023-03-03,2024-12-04,2024-12-31,22.0,features,0.0,12,3654.9166666666665,0,0,0.8333333333333334,43859.0,80408.0,453,9.244897959183673,124458,29,3,32,5.0,27.6,126.0,4.333333333333333,0.0
A-5b051a,Cybersecurity,US,event,Enterprise,22,False,False,2024-08-05,,2024-12-31,4.9,,,4,583.0,0,0,1.0,6996.0,2857.0,171,10.6875,44864,17,3,14,1.0,2.0,2.0,3.0,0.0
A-296d7c,DevTools,DE,other,Enterprise,2,False,False,2023-11-08,2024-11-04,2024-12-31,13.8,budget,0.0,7,284.14285714285717,0,0,0.7142857142857143,3410.0,3921.0,357,10.818181818181818,124753,18,7,21,5.0,50.4,105.2,3.75,0.0
A-1619f8,DevTools,US,organic,Pro,29,False,False,2024-05-20,2024-09-21,2024-12-31,7.4,budget,0.0,7,2827.1428571428573,1,0,0.7142857142857143,33926.0,20921.0,432,10.285714285714286,142787,26,2,27,3.0,42.0,81.0,5.0,0.0
A-a1b80b,HealthTech,US,organic,Basic,16,False,False,2023-11-27,2024-07-11,2024-12-31,13.1,budget,12.99,16,2161.8125,3,1,0.75,25942.0,28320.0,749,10.402777777777779,222610,48,5,33,4.0,41.0,72.5,4.0,0.0
A-702032,HealthTech,US,ads,Pro,28,False,False,2023-10-03,2024-06-14,2024-12-31,14.9,competitor,0.0,6,1423.3333333333333,1,0,0.8333333333333334,17080.0,21208.0,285,10.961538461538462,91776,15,1,19,4.0,26.0,98.25,3.0,0.0
A-7a0d69,DevTools,DE,ads,Enterprise,4,True,True,2024-06-15,2024-12-29,2024-12-29,6.5,budget,0.0,11,942.0,2,0,0.9090909090909091,11304.0,6123.0,606,9.934426229508198,179167,31,5,31,2.0,29.0,52.5,5.0,0.0
A-22d9d2,DevTools,FR,event,Pro,8,False,False,2024-03-22,2024-10-17,2024-12-31,9.3,pricing,0.0,14,1339.0,2,1,0.7857142857142857,16068.0,12453.0,782,10.426666666666666,239679,43,6,35,6.0,16.0,88.0,4.0,0.16666666666666666
A-b9eed8,Cybersecurity,US,organic,Basic,11,False,False,2024-02-23,2024-04-23,2024-12-31,10.2,pricing,0.0,11,1507.0,0,3,0.8181818181818182,18084.0,15371.0,623,10.21311475409836,168474,55,9,29,5.0,29.2,103.8,3.75,0.2
A-dfbd31,DevTools,UK,partner,Enterprise,14,False,False,2023-12-04,2024-12-19,2024-12-31,12.9,unknown,0.0,14,1791.357142857143,1,1,0.7857142857142857,21496.0,23109.0,599,11.092592592592593,182273,19,7,27,6.0,29.666666666666668,129.83333333333334,4.25,0.0
A-8e47ca,HealthTech,US,organic,Pro,19,False,False,2024-02-15,2024-12-31,2024-12-31,10.5,support,0.0,9,3124.4444444444443,1,0,0.7777777777777778,37493.0,32807.0,441,9.58695652173913,133497,35,2,29,5.0,33.4,80.6,4.0,0.2
A-4437e4,Cybersecurity,US,event,Enterprise,3,False,False,2023-09-16,2024-06-21,2024-12-31,15.5,features,0.0,16,1114.4375,4,1,0.9375,13373.0,17274.0,806,9.710843373493976,260271,43,8,37,6.0,34.666666666666664,125.33333333333333,3.0,0.3333333333333333
A-779e4e,HealthTech,US,organic,Basic,5,False,False,2023-01-02,,2024-12-31,23.9,,,10,2808.1,2,1,0.9,33697.0,67114.0,393,8.931818181818182,111038,20,6,28,5.0,26.6,91.6,4.0,0.0
A-53f4e3,Cybersecurity,UK,event,Enterprise,13,False,False,2024-06-14,2024-12-06,2024-12-31,6.6,competitor,0.0,10,1507.2,0,0,0.8,18086.0,9948.0,410,9.318181818181818,127529,45,1,29,5.0,28.6,99.0,4.0,0.0
A-692f18,EdTech,US,other,Basic,5,True,True,2024-03-28,2024-12-23,2024-12-23,8.9,support,0.0,17,1797.0588235294117,2,1,0.7058823529411765,21565.0,15994.0,871,10.011494252873563,261911,55,9,36,2.0,37.5,120.0,5.0,0.0
A-13466a,DevTools,AU,event,Basic,2,False,True,2023-10-22,2024-04-18,2024-04-18,5.9,pricing,6.51,6,2223.8333333333335,0,0,0.8333333333333334,26686.0,13121.0,205,9.318181818181818,57539,14,2,17,3.0,32.333333333333336,94.33333333333333,4.333333333333333,0.3333333333333333
A-1986ca,HealthTech,IN,ads,Pro,20,False,False,2023-01-30,,2024-12-31,23.0,,,7,3951.5714285714284,1,0,0.5714285714285714,47419.0,90886.0,362,9.783783783783784,102382,23,5,26,7.0,36.57142857142857,106.57142857142857,3.4,0.0
A-0cc442,EdTech,US,organic,Basic,45,False,False,2024-07-18,2024-10-23,2024-12-31,5.5,budget,59.52,13,4764.2307692307695,3,1,0.6923076923076923,57171.0,26203.0,765,9.935064935064934,230759,41,7,34,3.0,37.0,47.333333333333336,3.0,0.0
A-c608c8,DevTools,DE,ads,Pro,3,False,True,2023-04-27,2024-06-04,2024-06-04,13.3,support,0.0,8,1189.25,1,1,0.75,14271.0,15817.0,445,10.348837209302326,144345,27,5,29,2.0,59.0,66.0,3.0,0.0
A-3be56b,HealthTech,IN,event,Pro,3,False,True,2023-10-26,2024-06-20,2024-06-20,7.8,pricing,0.0,12,1420.0,1,1,0.75,17040.0,11076.0,528,9.6,169908,33,8,28,4.0,40.25,74.0,3.5,0.0
A-354f12,FinTech,US,ads,Pro,1,True,False,2024-04-28,2024-09-19,2024-12-31,8.1,competitor,0.0,4,2222.25,0,1,1.0,26667.0,18000.0,158,10.533333333333333,48510,3,1,14,2.0,56.5,137.5,,0.0
A-68f37c,HealthTech,US,ads,Basic,4,False,False,2023-07-15,2024-12-18,2024-12-31,17.6,features,0.0,12,2689.1666666666665,3,0,0.9166666666666666,32270.0,47329.0,624,9.6,202756,40,6,30,5.0,20.2,119.8,4.0,0.0
A-aa9511,DevTools,US,other,Pro,23,True,False,2023-10-10,2023-10-17,2024-12-31,14.7,competitor,0.0,15,4064.6666666666665,0,1,0.8666666666666667,48776.0,59751.0,625,9.615384615384615,189526,35,5,33,2.0,56.5,98.5,4.0,0.0
A-af0cd2,Cybersecurity,IN,other,Enterprise,19,True,False,2023-01-03,2023-10-26,2024-12-31,23.9,unknown,0.0,11,587.2727272727273,1,0,0.8181818181818182,7047.0,14036.0,687,9.814285714285715,225366,33,8,31,3.0,54.333333333333336,149.33333333333334,,0.0
A-bd4513,DevTools,AU,event,Enterprise,50,True,False,2024-11-06,2024-12-09,2024-12-31,1.8,budget,35.14,12,4350.333333333333,2,0,0.8333333333333334,52204.0,7831.0,507,9.941176470588236,157547,34,4,28,3.0,42.0,58.666666666666664,4.666666666666667,0.0
A-c222ab,Cybersecurity,US,other,Pro,32,False,True,2024-05-10,2024-10-05,2024-10-05,4.9,support,0.0,7,2665.1428571428573,1,0,0.8571428571428571,31982.0,13059.0,435,9.666666666666666,133441,33,6,27,4.0,39.0,94.5,5.0,0.0
A-34d880,Cybersecurity,AU,ads,Enterprise,4,False,False,2024-04-11,2024-12-20,2024-12-31,8.7,unknown,10.4,9,2329.3333333333335,0,0,0.6666666666666666,27952.0,20265.0,474,10.085106382978724,144424,40,3,29,5.0,52.2,90.8,3.0,0.0
A-508199,FinTech,AU,event,Basic,19,False,False,2024-01-28,,2024-12-31,11.1,,,5,1687.2,0,0,0.6,20246.0,18728.0,231,9.625,80389,15,2,16,3.0,50.666666666666664,67.33333333333333,3.0,0.0
A-f03140,DevTools,IN,event,Pro,27,True,False,2023-11-22,2024-10-03,2024-12-31,13.3,competitor,0.0,10,2107.5,1,1,0.8,25290.0,28030.0,595,10.43859649122807,196965,22,4,32,7.0,36.0,113.14285714285714,3.6666666666666665,0.0
A-410e86,FinTech,US,organic,Basic,24,False,False,2024-11-10,,2024-12-31,1.7,,,7,2280.0,0,0,0.42857142857142855,27360.0,3876.0,292,9.733333333333333,107443,21,3,22,5.0,42.6,110.0,3.5,0.0
A-fa2041,HealthTech,US,organic,Pro,15,True,False,2024-05-29,2024-07-13,2024-12-31,7.1,competitor,0.0,12,1742.9166666666667,0,0,0.9166666666666666,20915.0,12375.0,552,9.049180327868852,157263,34,6,34,1.0,16.0,99.0,3.0,0.0
A-de58ca,HealthTech,DE,organic,Enterprise,15,False,False,2023-04-13,,2024-12-31,20.6,,,11,2173.181818181818,0,0,0.5454545454545454,26078.0,44768.0,505,10.306122448979592,141942,33,7,28,5.0,30.6,115.0,3.3333333333333335,0.0
A-05d3b3,DevTools,AU,ads,Basic,9,True,False,2023-05-28,2024-09-09,2024-12-31,19.2,unknown,0.0,13,970.0,0,0,0.7692307692307693,11640.0,18624.0,642,10.03125,193363,22,4,32,6.0,31.5,48.333333333333336,4.333333333333333,0.0
A-249769,Cybersecurity,US,event,Enterprise,4,False,True,2024-04-25,2024-12-16,2024-12-16,7.7,budget,0.0,13,1209.0,0,0,1.0,14508.0,9309.0,678,9.970588235294118,193777,30,3,31,2.0,39.5,96.5,4.0,0.0
A-e43bf7,Cybersecurity,AU,other,Pro,44,False,False,2023-03-24,2023-06-24,2024-12-31,21.3,pricing,0.0,7,6666.571428571428,3,0,0.8571428571428571,79999.0,141998.0,371,9.275,103455,35,2,26,5.0,27.4,80.0,4.0,0.2
A-eb2fdc,DevTools,AU,organic,Enterprise,31,False,True,2023-11-21,2024-05-26,2024-05-26,6.1,competitor,0.0,12,2664.0,0,0,0.8333333333333334,31968.0,16250.0,547,10.12962962962963,174663,17,3,29,5.0,33.6,37.6,4.5,0.0
A-e1462e,FinTech,UK,partner,Basic,15,False,False,2023-03-12,2024-12-05,2024-12-31,21.7,competitor,0.0,7,1718.5714285714287,1,1,0.7142857142857143,20623.0,37293.0,347,9.914285714285715,98097,22,4,26,2.0,39.5,118.5,3.5,0.0
A-cab532,DevTools,FR,organic,Pro,11,True,False,2023-04-03,2024-07-10,2024-12-31,21.0,support,0.0,15,1339.2,2,1,0.9333333333333333,16070.0,28123.0,1005,9.950495049504951,273639,47,7,38,1.0,32.0,175.0,4.0,0.0
A-9123ac,Cybersecurity,DE,organic,Pro,9,False,False,2023-06-20,2024-10-23,2024-12-31,18.4,competitor,0.0,7,2107.285714285714,0,1,1.0,25287.0,38774.0,386,10.432432432432432,120014,24,4,28,6.0,38.833333333333336,91.66666666666667,4.2,0.0
A-6e08f3,Cybersecurity,US,event,Basic,8,False,False,2023-02-27,2024-02-10,2024-12-31,22.1,competitor,0.0,10,1819.0,1,1,0.7,21828.0,40200.0,492,9.84,149078,21,7,28,2.0,36.5,137.0,3.5,0.0
A-d922bf,HealthTech,US,ads,Basic,5,True,True,2023-09-08,2024-12-06,2024-12-06,14.9,support,11.13,7,2444.8571428571427,0,0,1.0,29338.0,36428.0,419,10.21951219512195,134119,19,3,24,7.0,39.142857142857146,101.14285714285714,3.3333333333333335,0.14285714285714285
A-8ed5dd,EdTech,UK,event,Enterprise,5,False,True,2023-06-29,2024-11-02,2024-11-02,16.2,unknown,0.0,12,996.3333333333334,3,1,0.9166666666666666,11956.0,16141.0,545,9.909090909090908,173217,45,2,29,6.0,29.0,96.83333333333333,3.75,0.0
A-7c6b6b,FinTech,US,other,Basic,6,False,False,2024-11-30,2024-12-09,2024-12-31,1.0,budget,0.0,7,688.2857142857143,0,0,0.8571428571428571,8259.0,688.0,311,8.885714285714286,82471,24,5,22,5.0,52.2,82.4,4.333333333333333,0.0
A-3c1a3f,DevTools,UK,event,Pro,1,False,False,2023-08-26,,2024-12-31,16.2,,,12,1242.4166666666667,0,1,0.8333333333333334,14909.0,20127.0,497,9.745098039215685,172341,22,5,31,4.0,33.25,56.5,3.5,0.0
A-b48f73,EdTech,AU,event,Pro,80,True,False,2024-11-13,,2024-12-31,1.6,,,7,4045.714285714286,0,0,0.5714285714285714,48549.0,6473.0,412,9.363636363636363,118416,23,3,24,3.0,28.666666666666668,35.333333333333336,4.0,0.0
A-76fa4d,HealthTech,US,event,Pro,69,False,False,2024-11-24,2024-12-03,2024-12-31,1.2,pricing,31.49,7,8812.285714285714,0,0,0.8571428571428571,105747.0,10575.0,357,9.916666666666666,126251,21,4,21,5.0,33.4,111.8,4.5,0.0
A-b2af2e,Cybersecurity,UK,event,Enterprise,5,False,False,2024-08-24,2024-11-14,2024-12-31,4.2,pricing,0.0,4,778.0,0,1,0.25,9336.0,3268.0,174,9.666666666666666,60214,11,4,14,2.0,39.5,95.0,4.0,0.0
A-9bfc9f,DevTools,CA,ads,Pro,53,False,False,2023-09-14,,2024-12-31,15.6,,,9,1704.6666666666667,3,2,0.8888888888888888,20456.0,26593.0,376,10.162162162162161,109862,18,4,23,6.0,35.333333333333336,84.33333333333333,3.3333333333333335,0.16666666666666666
A-4ae22a,EdTech,US,other,Pro,6,False,True,2024-05-09,2024-07-20,2024-07-20,2.4,pricing,0.0,7,1347.4285714285713,0,0,0.8571428571428571,16169.0,3234.0,369,10.542857142857143,142387,31,6,24,3.0,14.333333333333334,72.66666666666667,3.0,0.0
A-fda07f,Cybersecurity,FR,partner,Basic,7,False,False,2024-08-11,2024-09-13,2024-12-31,4.7,support,17.34,12,2368.1666666666665,4,1,0.8333333333333334,28418.0,11130.0,681,10.476923076923077,231376,39,4,31,5.0,17.8,57.0,4.0,0.0
A-de24d5,DevTools,US,other,Enterprise,5,True,False,2024-11-05,,2024-12-31,1.8,,,13,1640.5384615384614,0,0,0.9230769230769231,19686.0,2953.0,537,10.132075471698114,140266,28,6,29,7.0,43.142857142857146,103.42857142857143,3.0,0.0
A-ab438f,Cybersecurity,US,ads,Enterprise,13,False,True,2024-09-13,2024-12-02,2024-12-02,2.6,budget,0.0,8,2044.75,1,0,0.75,24537.0,5316.0,369,10.25,111452,12,3,25,2.0,33.5,112.5,3.5,0.0
A-40906c,EdTech,US,ads,Basic,92,False,False,2024-03-27,,2024-12-31,9.2,,,12,5366.666666666667,0,0,0.8333333333333334,64400.0,49373.0,685,10.873015873015873,210243,32,7,32,5.0,29.2,95.0,3.75,0.0
A-81edc3,Cybersecurity,IN,ads,Basic,5,False,False,2023-10-30,2024-12-16,2024-12-31,14.1,support,0.0,12,1460.3333333333333,2,0,0.6666666666666666,17524.0,20591.0,765,10.337837837837839,245080,41,11,33,3.0,52.666666666666664,70.0,4.0,0.0
A-328bd0,HealthTech,AU,partner,Enterprise,18,False,False,2023-05-16,,2024-12-31,19.5,,,13,1229.1538461538462,1,1,0.7692307692307693,14750.0,23968.0,568,9.311475409836065,162210,49,5,30,5.0,46.0,68.2,3.6666666666666665,0.0
A-b3fe05,Cybersecurity,CA,partner,Pro,8,False,False,2024-05-28,,2024-12-31,7.1,,,9,2721.5555555555557,0,0,0.8888888888888888,32659.0,19323.0,438,10.186046511627907,141962,18,8,29,4.0,48.25,94.25,3.0,0.0
A-09540c,Cybersecurity,CA,event,Basic,67,True,False,2023-10-30,2024-03-05,2024-12-31,14.1,unknown,71.44,6,3953.0,1,1,0.8333333333333334,47436.0,55737.0,297,10.607142857142858,94696,16,3,20,2.0,28.0,89.0,4.5,0.0
A-e693b6,FinTech,AU,event,Enterprise,55,False,True,2023-05-25,2024-10-10,2024-10-10,16.6,budget,0.0,12,2846.25,1,0,0.9166666666666666,34155.0,47248.0,681,11.163934426229508,206167,25,4,31,1.0,1.0,144.0,3.0,0.0
A-2446e3,EdTech,IN,organic,Pro,27,False,False,2024-01-10,2024-07-29,2024-12-31,11.7,unknown,47.06,7,3448.285714285714,1,1,0.5714285714285714,41379.0,40345.0,496,10.333333333333334,151037,32,5,28,3.0,28.666666666666668,104.66666666666667,4.0,0.0
A-241e75,EdTech,US,partner,Enterprise,3,False,False,2024-07-03,2024-12-19,2024-12-31,5.9,features,0.0,5,718.8,0,1,0.8,8626.0,4241.0,266,9.5,100257,20,2,17,4.0,31.5,101.0,4.5,0.0
A-922109,Cybersecurity,US,ads,Pro,3,False,False,2024-01-26,2024-12-17,2024-12-31,11.2,support,0.0,13,1086.0,0,0,0.7692307692307693,13032.0,12163.0,819,10.367088607594937,274464,34,4,35,3.0,25.333333333333332,127.0,3.0,0.0
A-ff3c73,HealthTech,AU,other,Pro,21,False,False,2023-01-26,2024-05-09,2024-12-31,23.2,competitor,2.42,9,481.6666666666667,1,0,0.7777777777777778,5780.0,11175.0,408,10.2,143989,23,5,29,2.0,35.5,97.5,3.5,0.0
A-8b0451,FinTech,UK,event,Enterprise,41,False,False,2024-09-16,2024-12-29,2024-12-31,3.5,budget,0.0,10,3170.9,0,0,0.8,38051.0,11098.0,606,10.1,177930,45,6,32,7.0,26.571428571428573,83.71428571428571,3.5,0.0
A-331424,DevTools,US,organic,Basic,11,False,False,2023-11-06,2024-02-21,2024-12-31,13.8,competitor,0.0,6,1129.3333333333333,0,0,0.5,13552.0,15585.0,214,10.7,76170,9,3,17,2.0,24.5,98.5,,0.0
A-51ec1b,DevTools,US,ads,Enterprise,7,False,False,2023-11-08,2023-12-09,2024-12-31,13.8,unknown,0.0,6,1847.8333333333333,3,2,0.8333333333333334,22174.0,25500.0,283,10.107142857142858,111162,12,3,19,3.0,52.333333333333336,150.0,5.0,0.3333333333333333
A-bcf664,DevTools,US,other,Pro,5,False,False,2023-05-19,2024-10-04,2024-12-31,19.4,features,75.32,13,1056.0,0,0,1.0,12672.0,20486.0,575,10.267857142857142,181920,28,5,31,5.0,36.0,110.6,4.0,0.2
A-90a8c8,FinTech,AU,organic,Pro,15,False,False,2024-08-24,2024-08-29,2024-12-31,4.2,support,0.0,7,3787.714285714286,2,0,0.7142857142857143,45453.0,15908.0,404,9.853658536585366,127486,20,4,23,4.0,45.0,29.5,3.25,0.0
A-86cdb4,DevTools,DE,partner,Basic,2,False,False,2024-09-22,,2024-12-31,3.3,,,9,394.55555555555554,0,0,1.0,4735.0,1302.0,492,10.040816326530612,167226,24,6,27,5.0,26.4,105.8,4.333333333333333,0.0
A-4bfa33,Cybersecurity,US,event,Basic,8,True,False,2024-12-07,2024-12-28,2024-12-31,0.8,unknown,7.26,7,800.8571428571429,0,0,0.8571428571428571,9610.0,641.0,329,9.13888888888889,78244,17,6,23,4.0,16.5,84.75,3.6666666666666665,0.0
A-dbc825,EdTech,FR,partner,Enterprise,19,False,False,2024-01-07,2024-02-03,2024-12-31,11.8,budget,0.0,16,2650.25,2,0,0.875,31803.0,31273.0,730,10.13888888888889,212801,58,8,34,6.0,49.5,108.16666666666667,4.0,0.16666666666666666
A-c70870,Cybersecurity,US,partner,Basic,31,False,False,2024-10-22,2024-12-13,2024-12-31,2.3,competitor,0.0,7,5659.142857142857,2,1,1.0,67910.0,13016.0,334,9.823529411764707,106338,18,4,23,5.0,35.6,105.8,4.0,0.0
A-0651a4,HealthTech,FR,organic,Pro,16,False,False,2024-10-16,2024-12-25,2024-12-31,2.5,support,0.0,15,2970.9333333333334,0,0,0.8666666666666667,35651.0,7427.0,705,10.217391304347826,201426,37,8,34,4.0,29.25,48.5,4.0,0.0
A-3ce5b8,FinTech,IN,ads,Basic,8,False,True,2023-09-07,2024-09-18,2024-09-18,12.4,features,261.49,9,1850.0,0,0,1.0,22200.0,22940.0,509,10.18,147802,29,5,29,10.0,42.5,101.8,3.7142857142857144,0.0
A-bd4708,FinTech,US,ads,Pro,37,True,False,2024-07-21,,2024-12-31,5.4,,,13,2998.076923076923,1,0,0.6923076923076923,35977.0,16190.0,653,10.203125,201897,30,7,33,4.0,24.0,90.75,3.5,0.0
A-993085,HealthTech,US,ads,Basic,31,True,False,2023-06-01,2024-01-21,2024-12-31,19.0,features,0.0,15,3230.4,2,2,0.8,38765.0,61378.0,665,9.5,216015,50,7,33,4.0,46.5,82.0,3.5,0.0
A-92a3af,Cybersecurity,IN,organic,Enterprise,25,False,False,2024-07-07,,2024-12-31,5.8,,,11,3139.818181818182,0,2,0.6363636363636364,37678.0,18211.0,714,10.656716417910447,218189,55,8,35,4.0,57.5,39.0,4.0,0.25
A-151c9a,FinTech,US,ads,Enterprise,23,False,False,2023-01-27,2023-11-04,2024-12-31,23.1,support,35.6,5,2850.0,0,1,0.8,34200.0,65835.0,366,10.764705882352942,120907,14,1,28,2.0,31.0,156.5,3.5,0.0
A-474ad4,EdTech,US,organic,Basic,8,False,False,2023-11-28,,2024-12-31,13.1,,,15,808.3333333333334,1,1,0.6666666666666666,9700.0,10589.0,605,9.453125,183355,45,6,34,3.0,33.0,50.666666666666664,5.0,0.3333333333333333
A-4ef964,HealthTech,US,organic,Pro,17,False,False,2024-03-07,2024-06-19,2024-12-31,9.8,budget,0.0,9,1586.5555555555557,0,0,0.6666666666666666,19039.0,15548.0,487,9.938775510204081,150663,33,6,31,3.0,42.666666666666664,86.33333333333333,4.0,0.0
A-fd9422,Cybersecurity,US,organic,Pro,58,False,False,2024-04-04,,2024-12-31,8.9,,,9,3125.5555555555557,1,1,0.7777777777777778,37507.0,27817.0,456,10.363636363636363,143313,21,5,27,6.0,44.333333333333336,116.83333333333333,3.5,0.16666666666666666
A-0baac2,FinTech,DE,organic,Enterprise,14,False,True,2024-05-30,2024-12-24,2024-12-24,6.8,unknown,68.65,6,3083.3333333333335,0,0,1.0,37000.0,20967.0,202,9.619047619047619,73161,9,0,19,6.0,43.5,89.0,4.333333333333333,0.0
A-bb1486,HealthTech,US,organic,Basic,41,False,False,2024-11-05,2024-11-23,2024-12-31,1.8,competitor,0.0,8,2038.375,0,2,0.75,24460.0,3669.0,405,9.642857142857142,118945,36,5,24,3.0,11.0,78.0,3.0,0.0
A-560d27,DevTools,US,organic,Pro,23,False,False,2024-05-05,,2024-12-31,7.9,,,12,3470.0833333333335,1,0,0.5833333333333334,41641.0,27414.0,587,9.94915254237288,185616,38,6,27,4.0,30.75,59.75,3.6666666666666665,0.0
A-0b0d6d,DevTools,US,organic,Pro,3,False,False,2024-12-30,2024-12-31,2024-12-31,0.0,competitor,0.0,13,2576.230769230769,1,0,1.0,30915.0,0.0,582,9.387096774193548,162411,48,9,32,5.0,31.4,90.4,4.0,0.2
A-2789e3,FinTech,US,partner,Enterprise,11,False,False,2024-09-14,,2024-12-31,3.5,,,12,2040.75,1,1,0.8333333333333334,24489.0,7143.0,680,10.461538461538462,205877,45,6,33,4.0,47.25,83.25,4.0,0.0
A-b07346,HealthTech,US,partner,Pro,51,False,True,2024-10-10,2024-11-12,2024-11-12,1.1,budget,0.0,5,6283.2,1,0,0.6,75398.0,6912.0,326,9.878787878787879,106943,22,4,23,3.0,42.333333333333336,76.66666666666667,3.5,0.0
A-902ef7,HealthTech,US,other,Enterprise,83,False,True,2024-09-03,2024-09-26,2024-09-26,0.8,pricing,0.0,8,5540.25,2,0,1.0,66483.0,4432.0,414,10.35,145878,24,5,31,2.0,48.5,85.0,4.0,0.0
A-20736a,EdTech,IN,organic,Enterprise,50,False,False,2024-03-16,2024-03-19,2024-12-31,9.5,competitor,64.98,7,5789.285714285715,1,1,1.0,69471.0,54998.0,430,10.238095238095237,108408,22,5,22,4.0,42.25,78.25,3.75,0.0
A-ef84cf,EdTech,US,partner,Enterprise,8,False,False,2024-03-01,2024-11-20,2024-12-31,10.0,support,0.0,5,1501.4,0,1,0.6,18017.0,15014.0,309,11.035714285714286,100420,11,3,21,5.0,34.8,79.4,4.333333333333333,0.2
A-d49cc5,Cybersecurity,FR,event,Basic,50,False,False,2023-09-19,2024-04-12,2024-12-31,15.4,competitor,0.0,8,1665.625,0,0,0.875,19988.0,25651.0,436,10.634146341463415,142933,34,5,27,4.0,32.0,55.25,4.5,0.0
A-67be94,EdTech,US,organic,Enterprise,26,False,False,2023-04-04,2024-06-30,2024-12-31,20.9,competitor,13.72,7,3132.8571428571427,1,0,0.8571428571428571,37594.0,65477.0,416,9.904761904761905,127197,17,3,26,5.0,38.6,51.0,4.0,0.0
A-c37cab,Cybersecurity,UK,event,Pro,13,False,False,2024-07-29,2024-11-16,2024-12-31,5.1,competitor,0.0,12,2452.75,1,1,0.9166666666666666,29433.0,12509.0,708,10.114285714285714,203309,40,14,32,4.0,33.0,101.25,3.75,0.25
A-533452,DevTools,AU,organic,Pro,9,False,False,2024-11-12,2024-12-16,2024-12-31,1.6,support,15.23,11,1878.5454545454545,1,2,0.9090909090909091,22543.0,3006.0,595,9.444444444444445,172726,44,10,32,4.0,32.75,35.5,4.0,0.0
A-1f7acb,FinTech,UK,ads,Basic,64,True,False,2023-08-06,,2024-12-31,16.9,,,8,5864.0,1,3,0.75,70368.0,99102.0,510,9.622641509433961,164068,47,7,26,7.0,41.714285714285715,129.57142857142858,4.4,0.0
A-f51f16,HealthTech,US,partner,Enterprise,1,False,False,2023-12-25,2024-12-07,2024-12-31,12.2,competitor,0.0,8,1663.75,2,0,0.875,19965.0,20298.0,384,10.378378378378379,146093,28,3,25,4.0,29.25,91.0,3.0,0.0
A-5a3eb9,DevTools,CA,other,Enterprise,18,True,False,2023-08-20,2024-06-12,2024-12-31,16.4,competitor,58.37,13,1561.0,0,2,0.8461538461538461,18732.0,25600.0,722,10.46376811594203,216880,34,7,34,3.0,24.0,83.0,,0.0
A-5f2961,HealthTech,US,partner,Basic,4,False,False,2024-11-22,2024-11-28,2024-12-31,1.3,pricing,6.6,7,1471.2857142857142,0,0,0.8571428571428571,17655.0,1913.0,348,9.666666666666666,103023,19,2,22,1.0,53.0,19.0,,0.0
A-417d2f,Cybersecurity,IN,partner,Pro,4,True,False,2023-07-04,2024-12-30,2024-12-31,17.9,budget,0.0,16,1433.3125,1,0,0.8125,17200.0,25656.0,722,10.169014084507042,206401,31,8,37,6.0,43.5,80.5,4.333333333333333,0.0
A-e98302,EdTech,US,ads,Enterprise,16,True,False,2023-12-26,,2024-12-31,12.2,,,6,2094.5,0,0,0.8333333333333334,25134.0,25553.0,273,9.1,88751,18,3,21,9.0,44.44444444444444,99.44444444444444,4.142857142857143,0.0
A-8bde0c,DevTools,US,organic,Basic,12,False,False,2024-11-04,2024-12-30,2024-12-31,1.9,pricing,0.0,18,1899.888888888889,2,0,0.8333333333333334,22799.0,3610.0,773,9.6625,240908,43,6,34,3.0,25.666666666666668,86.33333333333333,4.0,0.0
A-54ecc2,Cybersecurity,US,partner,Enterprise,4,False,False,2023-06-11,2024-11-23,2024-12-31,18.7,support,0.0,11,1469.8181818181818,0,1,0.9090909090909091,17638.0,27486.0,607,10.839285714285714,183498,39,6,28,5.0,37.4,72.0,5.0,0.0
A-625d0b,EdTech,AU,ads,Basic,9,False,False,2024-09-02,,2024-12-31,3.9,,,11,1081.1818181818182,0,0,0.9090909090909091,12974.0,4217.0,529,9.796296296296296,141489,38,6,32,5.0,48.4,72.4,3.0,0.0
A-fce879,EdTech,UK,partner,Pro,10,True,True,2024-09-24,2024-12-03,2024-12-03,2.3,features,0.0,5,1359.4,0,1,1.0,16313.0,3127.0,299,11.074074074074074,98740,14,1,25,2.0,28.0,61.5,4.0,0.0
A-b07b56,DevTools,US,event,Pro,25,False,True,2024-11-08,2024-12-24,2024-12-24,1.5,budget,0.0,15,1132.2666666666667,0,0,0.8,13587.0,1698.0,633,9.890625,185462,39,9,32,4.0,31.25,93.75,3.0,0.0
A-6da850,FinTech,IN,organic,Pro,5,False,False,2023-10-07,2024-10-25,2024-12-31,14.8,competitor,0.0,16,1159.9375,3,1,0.75,13919.0,17167.0,714,10.2,186370,54,8,30,5.0,49.0,76.4,4.0,0.0
A-342303,EdTech,US,other,Pro,1,True,False,2024-03-16,2024-03-20,2024-12-31,9.5,features,0.0,3,565.0,0,0,1.0,6780.0,5368.0,141,9.4,23149,5,1,12,3.0,29.333333333333332,71.33333333333333,4.5,0.0
A-e7a1e2,Cybersecurity,US,event,Enterprise,3,False,False,2024-06-23,2024-12-11,2024-12-31,6.3,features,0.0,12,1670.1666666666667,0,0,0.8333333333333334,20042.0,10522.0,703,10.338235294117647,220928,36,3,36,1.0,45.0,37.0,4.0,0.0
A-f1f639,EdTech,US,ads,Basic,2,False,False,2023-02-26,2024-04-07,2024-12-31,22.1,budget,0.0,4,729.75,1,0,1.0,8757.0,16127.0,139,9.928571428571429,43097,10,4,12,7.0,20.0,67.57142857142857,4.8,0.0
A-a865bd,Cybersecurity,US,organic,Pro,38,False,False,2023-09-19,2024-03-18,2024-12-31,15.4,unknown,0.0,5,4204.4,0,0,0.6,50453.0,64748.0,230,9.583333333333334,60120,13,3,19,2.0,31.5,21.5,3.0,0.0
A-4e631b,FinTech,US,other,Enterprise,22,False,False,2024-03-16,,2024-12-31,9.5,,,11,2218.0,1,1,0.7272727272727273,26616.0,21071.0,502,10.244897959183673,154668,29,4,32,2.0,24.5,52.0,4.0,0.0
A-7f6b86,HealthTech,US,partner,Basic,45,True,True,2023-08-24,2024-07-10,2024-07-10,10.5,pricing,5.27,9,2155.777777777778,3,0,0.7777777777777778,25869.0,22636.0,420,10.24390243902439,144249,14,3,27,7.0,40.42857142857143,96.57142857142857,3.6666666666666665,0.0
A-2edab2,HealthTech,US,event,Enterprise,17,False,False,2023-11-17,2024-06-23,2024-12-31,13.5,features,0.0,10,1139.0,1,0,0.9,13668.0,15376.0,487,10.361702127659575,160804,26,5,28,4.0,30.0,102.25,3.0,0.0
A-149a69,DevTools,US,event,Basic,34,False,False,2024-10-17,2024-12-04,2024-12-31,2.5,pricing,0.0,3,2686.0,0,0,0.3333333333333333,32232.0,6715.0,208,11.555555555555555,59894,9,1,18,8.0,33.875,120.875,4.2,0.0
A-a6d261,FinTech,CA,other,Pro,9,False,False,2023-11-29,2024-03-10,2024-12-31,13.1,unknown,99.94,14,2727.9285714285716,3,0,0.9285714285714286,32735.0,35736.0,627,9.952380952380953,189235,29,6,36,4.0,40.0,63.25,4.666666666666667,0.25
A-443f6f,Cybersecurity,US,organic,Basic,19,False,False,2024-12-07,,2024-12-31,0.8,,,9,1510.4444444444443,1,0,0.7777777777777778,18125.0,1208.0,527,9.410714285714286,158149,28,4,31,4.0,28.0,122.25,4.666666666666667,0.0
A-202b67,HealthTech,US,organic,Pro,11,False,False,2024-03-22,2024-09-14,2024-12-31,9.3,pricing,9.28,9,2018.6666666666667,1,0,0.8888888888888888,24224.0,18774.0,447,9.717391304347826,110514,40,5,29,4.0,36.75,90.5,4.666666666666667,0.0
A-00bed1,Cybersecurity,US,ads,Basic,28,True,False,2023-11-14,2024-01-03,2024-12-31,13.6,unknown,21.17,10,3350.6,3,0,0.9,40207.0,45568.0,514,10.07843137254902,143734,27,2,32,4.0,31.75,106.25,4.0,0.0
A-ffc04f,EdTech,US,ads,Pro,13,False,False,2024-06-06,2024-08-03,2024-12-31,6.8,unknown,0.0,15,1335.9333333333334,0,1,0.5333333333333333,16031.0,9084.0,857,9.965116279069768,277347,64,7,37,7.0,17.714285714285715,58.57142857142857,4.5,0.14285714285714285
A-65c341,FinTech,US,ads,Pro,11,True,False,2023-12-26,2024-12-16,2024-12-31,12.2,unknown,0.0,8,3818.25,0,0,1.0,45819.0,46583.0,410,10.789473684210526,147068,18,4,25,5.0,41.4,87.8,4.0,0.0
A-dcc2f0,FinTech,UK,organic,Basic,15,False,False,2023-07-22,2024-04-10,2024-12-31,17.3,features,0.0,15,1166.2,2,0,0.8666666666666667,13994.0,20175.0,833,10.960526315789474,243699,26,8,35,2.0,27.0,100.0,,0.0
A-ced9aa,DevTools,US,other,Enterprise,3,False,False,2024-10-05,,2024-12-31,2.9,,,11,568.3636363636364,0,0,1.0,6820.0,1648.0,531,9.654545454545454,166970,39,5,33,7.0,28.857142857142858,102.85714285714286,3.0,0.0
A-3d957b,HealthTech,UK,other,Pro,14,False,False,2024-04-04,2024-05-05,2024-12-31,8.9,budget,0.0,6,1975.3333333333333,3,0,0.6666666666666666,23704.0,17580.0,143,9.533333333333333,43699,13,3,13,3.0,41.333333333333336,79.33333333333333,3.0,0.0
A-883b7d,Cybersecurity,IN,other,Basic,17,False,False,2024-03-28,,2024-12-31,9.1,,,12,2543.6666666666665,0,0,0.75,30524.0,23147.0,644,9.757575757575758,189514,40,7,35,7.0,25.571428571428573,62.285714285714285,3.6,0.14285714285714285
A-dcc3f1,HealthTech,US,event,Pro,21,False,False,2023-12-27,2024-10-10,2024-12-31,12.2,features,0.0,8,1593.375,0,1,0.75,19120.0,19439.0,500,10.416666666666666,137958,32,6,31,9.0,35.666666666666664,83.44444444444444,3.8,0.0
A-c62e55,EdTech,US,partner,Basic,1,True,False,2023-02-08,,2024-12-31,22.7,,,9,1322.4444444444443,1,0,0.7777777777777778,15869.0,30019.0,337,10.53125,87045,13,6,24,4.0,27.5,101.25,4.0,0.0
A-e4144b,EdTech,UK,other,Pro,41,False,False,2024-10-22,,2024-12-31,2.3,,,10,3542.4,1,0,0.8,42509.0,8148.0,439,10.209302325581396,133397,21,5,26,3.0,57.0,172.33333333333334,4.0,0.0
A-e40f45,HealthTech,US,organic,Pro,21,False,False,2024-04-18,2024-11-09,2024-12-31,8.4,budget,101.23,7,1689.2857142857142,3,0,0.8571428571428571,20271.0,14190.0,401,8.911111111111111,122954,26,5,29,7.0,26.714285714285715,96.28571428571429,4.333333333333333,0.0
A-96215d,FinTech,US,event,Enterprise,10,False,False,2024-08-08,,2024-12-31,4.8,,,6,1718.6666666666667,1,0,0.5,20624.0,8250.0,347,10.84375,104442,21,5,20,1.0,25.0,115.0,3.0,0.0
A-2b9d3e,EdTech,US,partner,Enterprise,1,False,False,2023-06-04,,2024-12-31,18.9,,,9,571.3333333333334,1,0,0.8888888888888888,6856.0,10798.0,444,9.866666666666667,142589,19,5,26,3.0,34.666666666666664,79.33333333333333,5.0,0.0
A-b7724f,HealthTech,UK,organic,Basic,1,False,False,2023-03-28,2024-09-01,2024-12-31,21.2,competitor,111.42,8,402.75,0,0,0.875,4833.0,8538.0,380,10.0,93251,16,2,28,3.0,28.666666666666668,92.0,3.0,0.0
A-310452,DevTools,FR,other,Enterprise,9,False,False,2024-12-25,2024-12-27,2024-12-31,0.2,budget,0.0,5,2200.6,0,0,0.8,26407.0,440.0,268,10.72,65581,16,4,20,5.0,34.2,113.6,3.6,0.0
A-eb1312,FinTech,US,partner,Pro,25,False,False,2024-09-16,2024-10-03,2024-12-31,3.5,unknown,0.0,12,1512.25,1,0,0.8333333333333334,18147.0,5293.0,663,10.2,188047,38,4,31,1.0,68.0,117.0,5.0,0.0
A-df1e44,Cybersecurity,UK,organic,Enterprise,12,False,False,2024-02-23,2024-11-20,2024-12-31,10.2,budget,0.0,11,1191.5454545454545,1,1,0.7272727272727273,14299.0,12154.0,420,10.0,122432,14,5,25,2.0,53.0,109.5,5.0,0.0
A-6a7c9d,Cybersecurity,US,organic,Enterprise,26,False,True,2024-10-24,2024-11-21,2024-11-21,0.9,support,0.0,5,2605.6,0,0,1.0,31267.0,2345.0,189,9.947368421052632,65006,6,1,15,3.0,34.333333333333336,60.0,4.0,0.0
A-a8d89d,EdTech,US,ads,Pro,13,False,False,2023-12-08,2024-08-26,2024-12-31,12.8,pricing,0.0,12,2443.3333333333335,2,0,0.9166666666666666,29320.0,31275.0,551,10.203703703703704,170966,26,5,32,2.0,44.5,139.0,5.0,0.0
A-86fc1d,DevTools,UK,partner,Basic,26,False,False,2024-07-26,2024-08-12,2024-12-31,5.2,support,0.0,9,1686.7777777777778,3,0,0.8888888888888888,20241.0,8771.0,363,9.81081081081081,111108,26,3,26,5.0,27.0,59.2,4.0,0.0
A-78f02b,HealthTech,US,event,Enterprise,11,False,False,2024-11-17,2024-12-09,2024-12-31,1.4,budget,0.0,4,3770.25,1,0,0.75,45243.0,5278.0,211,10.55,62349,16,3,17,4.0,45.75,55.0,4.0,0.0
A-acb7f7,EdTech,US,ads,Basic,32,False,False,2024-01-06,2024-03-21,2024-12-31,11.8,competitor,0.0,12,2714.5,2,1,0.8333333333333334,32574.0,32031.0,612,9.870967741935484,176628,36,10,33,3.0,41.0,91.0,3.5,0.0
A-712f1c,DevTools,US,ads,Basic,17,False,True,2023-12-16,2024-10-24,2024-10-24,10.3,budget,68.99,12,3583.25,2,0,0.8333333333333334,42999.0,36907.0,631,9.279411764705882,181302,34,5,32,6.0,41.666666666666664,88.83333333333333,4.0,0.0
A-3793ee,Cybersecurity,CA,organic,Enterprise,49,True,False,2023-03-21,2023-06-16,2024-12-31,21.4,unknown,0.0,7,3815.0,1,1,0.8571428571428571,45780.0,81641.0,352,9.263157894736842,97381,11,1,25,4.0,43.75,100.25,4.0,0.0
A-9a532a,HealthTech,US,partner,Enterprise,11,False,False,2024-07-06,,2024-12-31,5.8,,,4,2736.25,0,0,1.0,32835.0,15870.0,185,10.277777777777779,75595,15,4,16,2.0,57.5,128.5,,0.0
A-2ebb4b,HealthTech,US,ads,Basic,41,False,False,2023-05-15,2024-12-29,2024-12-31,19.6,features,0.0,10,3068.8,1,0,1.0,36826.0,60148.0,488,9.76,143502,33,7,27,2.0,43.5,136.5,3.0,0.0
A-6843f2,HealthTech,CA,ads,Enterprise,21,False,False,2024-12-10,,2024-12-31,0.7,,,9,1835.5555555555557,0,1,1.0,22027.0,1285.0,481,10.456521739130435,126424,17,3,24,2.0,36.5,78.0,3.0,0.0
A-c9bb3e,EdTech,US,ads,Pro,5,False,False,2024-03-24,2024-10-03,2024-12-31,9.3,unknown,0.0,10,1521.7,1,0,0.9,18260.0,14152.0,474,10.304347826086957,171153,20,2,27,7.0,27.714285714285715,86.14285714285714,4.2,0.14285714285714285
A-4814a3,Cybersecurity,IN,event,Basic,87,False,True,2024-09-17,2024-11-25,2024-11-25,2.3,pricing,0.0,11,7996.090909090909,2,1,0.7272727272727273,95953.0,18391.0,587,9.783333333333333,168767,45,7,35,4.0,18.75,97.0,4.0,0.25
A-ccc747,HealthTech,FR,event,Pro,16,False,True,2024-01-12,2024-09-02,2024-09-02,7.7,competitor,0.0,6,802.0,2,0,0.3333333333333333,9624.0,6175.0,284,9.466666666666667,89582,13,3,23,4.0,32.25,83.25,5.0,0.25
A-bb3bd4,HealthTech,US,ads,Basic,23,False,False,2024-01-27,2024-06-30,2024-12-31,11.1,unknown,0.0,7,1064.5714285714287,2,0,1.0,12775.0,11817.0,315,10.5,93609,11,1,18,11.0,32.72727272727273,106.36363636363636,4.142857142857143,0.0
A-09316c,FinTech,AU,organic,Enterprise,70,False,False,2024-09-11,2024-12-05,2024-12-31,3.6,unknown,0.0,11,6363.636363636364,2,0,0.9090909090909091,76364.0,22909.0,566,10.481481481481481,149461,31,5,28,4.0,54.75,106.25,3.75,0.25
A-96bbc6,Cybersecurity,US,organic,Enterprise,39,False,False,2024-05-07,2024-12-21,2024-12-31,7.8,budget,125.6,8,3803.25,3,1,0.875,45639.0,29665.0,482,9.83673469387755,152806,25,5,30,3.0,51.333333333333336,67.0,3.3333333333333335,0.0
A-bc4d48,EdTech,US,ads,Pro,35,True,False,2024-06-12,,2024-12-31,6.6,,,7,1770.0,1,0,0.5714285714285714,21240.0,11682.0,321,10.03125,89391,9,1,24,6.0,41.166666666666664,65.83333333333333,4.2,0.16666666666666666
A-b30291,HealthTech,US,event,Basic,5,True,True,2024-04-05,2024-09-03,2024-09-03,5.0,competitor,277.54,10,537.5,0,0,1.0,6450.0,2688.0,519,10.8125,161097,31,8,26,1.0,16.0,1.0,,0.0
A-cdf020,DevTools,AU,organic,Pro,23,False,False,2023-08-16,2024-11-07,2024-12-31,16.5,support,0.0,8,2259.0,2,0,0.75,27108.0,37274.0,379,9.475,119522,18,4,25,4.0,29.5,39.25,4.0,0.0
A-e6afc1,DevTools,US,ads,Pro,1,False,False,2023-02-24,,2024-12-31,22.2,,,11,2052.909090909091,0,0,0.8181818181818182,24635.0,45575.0,679,9.56338028169014,196287,30,6,32,0.0,,,,0.0
A-e3bd71,Cybersecurity,US,partner,Basic,31,False,False,2023-03-25,2023-12-30,2024-12-31,21.3,support,0.0,11,3784.5454545454545,1,1,0.7272727272727273,45415.0,80611.0,638,10.459016393442623,187024,27,3,32,4.0,30.25,119.0,4.0,0.0
A-b179bf,Cybersecurity,IN,ads,Basic,43,False,False,2024-10-27,2024-12-05,2024-12-31,2.1,features,0.0,5,3586.2,0,0,1.0,43034.0,7531.0,398,10.205128205128204,110855,18,5,23,6.0,24.666666666666668,94.33333333333333,4.0,0.0
A-098560,DevTools,UK,ads,Enterprise,1,False,True,2023-10-21,2024-09-04,2024-09-04,10.5,pricing,0.0,11,1120.5454545454545,1,0,0.7272727272727273,13447.0,11766.0,567,10.309090909090909,174302,32,8,32,2.0,28.0,100.0,3.0,0.5
A-82861f,DevTools,UK,organic,Basic,41,False,False,2024-04-25,2024-05-17,2024-12-31,8.2,support,0.0,10,4363.3,0,0,0.8,52360.0,35779.0,462,9.24,130873,43,4,28,5.0,24.4,55.0,3.2,0.0
A-94c3cd,FinTech,CA,other,Enterprise,32,False,False,2023-09-20,,2024-12-31,15.4,,,6,1506.0,0,0,0.6666666666666666,18072.0,23192.0,306,9.870967741935484,104197,18,4,18,4.0,44.75,116.5,3.5,0.25
A-a33200,HealthTech,US,partner,Basic,29,False,False,2024-09-15,2024-10-07,2024-12-31,3.5,features,21.61,12,2409.4166666666665,1,0,0.75,28913.0,8433.0,517,9.4,150997,26,5,33,3.0,36.333333333333336,88.33333333333333,4.5,0.0
A-034368,EdTech,US,event,Enterprise,19,False,False,2023-11-05,2024-08-29,2024-12-31,13.9,features,0.0,5,2238.8,0,0,0.8,26866.0,31119.0,265,9.464285714285714,80423,25,4,20,5.0,41.2,91.8,4.0,0.0
A-b54c01,DevTools,US,event,Enterprise,29,False,False,2024-09-29,2024-10-23,2024-12-31,3.1,budget,0.0,4,848.25,0,0,0.75,10179.0,2630.0,226,9.826086956521738,64973,17,3,15,5.0,42.6,77.2,3.0,0.0
A-d82ef9,EdTech,UK,other,Basic,26,False,True,2024-07-02,2024-08-06,2024-08-06,1.1,budget,74.94,14,1023.3571428571429,1,2,0.6428571428571429,12280.0,1126.0,679,9.985294117647058,194022,46,5,32,5.0,39.8,91.6,4.25,0.2
A-bb2f49,Cybersecurity,US,other,Pro,8,False,False,2023-05-28,,2024-12-31,19.2,,,11,2180.909090909091,2,1,0.9090909090909091,26171.0,41873.0,618,10.3,190070,42,2,31,3.0,22.333333333333332,102.33333333333333,4.0,0.0
A-1f559b,HealthTech,US,organic,Enterprise,5,True,True,2023-09-04,2024-09-28,2024-09-28,12.8,features,0.0,10,1175.6,0,1,0.6,14107.0,15048.0,400,10.0,117267,27,4,29,5.0,50.4,116.2,4.2,0.0
A-5a215a,EdTech,FR,other,Enterprise,87,False,False,2024-01-05,,2024-12-31,11.9,,,18,7230.666666666667,2,0,0.8333333333333334,86768.0,86045.0,807,10.0875,271652,71,8,32,4.0,29.5,38.0,4.0,0.0
A-3f9cc0,HealthTech,US,event,Basic,22,False,False,2024-06-03,2024-12-21,2024-12-31,6.9,budget,0.0,7,2848.5714285714284,1,2,0.7142857142857143,34183.0,19655.0,407,9.69047619047619,124321,24,0,25,5.0,34.8,112.6,4.5,0.2
A-f9cc74,DevTools,FR,partner,Enterprise,30,True,False,2024-10-12,,2024-12-31,2.6,,,10,1555.7,1,0,0.8,18668.0,4045.0,484,9.68,130826,22,7,30,6.0,49.833333333333336,118.33333333333333,4.0,0.0
A-ed510f,Cybersecurity,IN,partner,Basic,42,False,False,2023-01-17,2023-05-05,2024-12-31,23.5,budget,0.0,10,3616.2,2,0,0.7,43394.0,84981.0,493,10.061224489795919,160744,28,5,27,9.0,44.55555555555556,82.55555555555556,4.0,0.0
A-5c9849,EdTech,IN,partner,Basic,19,False,False,2024-11-03,2024-11-13,2024-12-31,1.9,unknown,0.0,9,4083.8888888888887,2,0,0.7777777777777778,49007.0,7759.0,473,10.282608695652174,151483,23,2,30,4.0,59.5,41.0,,0.25
A-a7bd4b,Cybersecurity,US,ads,Enterprise,5,False,False,2023-02-15,2024-10-15,2024-12-31,22.5,features,0.0,11,569.8181818181819,2,0,0.8181818181818182,6838.0,12821.0,576,10.472727272727273,166772,37,5,29,6.0,36.833333333333336,86.16666666666667,3.25,0.0
A-d4ac0e,DevTools,UK,ads,Basic,18,False,False,2024-04-20,,2024-12-31,8.4,,,19,1450.3684210526317,3,0,0.8947368421052632,17404.0,12183.0,793,9.9125,245619,53,9,38,4.0,21.0,34.0,3.5,0.0
A-ffdfd5,EdTech,US,organic,Basic,3,False,True,2024-04-13,2024-08-08,2024-08-08,3.8,features,0.0,10,1432.2,1,0,0.8,17186.0,5442.0,529,10.173076923076923,139609,28,4,29,0.0,,,,0.0
A-0dbdc6,Cybersecurity,DE,other,Pro,30,False,True,2023-02-12,2024-04-14,2024-04-14,14.0,pricing,175.02,9,3141.4444444444443,0,0,0.8888888888888888,37697.0,43980.0,512,9.846153846153847,155107,31,6,32,4.0,47.0,95.25,5.0,0.0
A-7cfe77,DevTools,US,ads,Pro,69,False,False,2024-07-10,2024-12-19,2024-12-31,5.7,features,0.0,5,2553.0,1,1,1.0,30636.0,14552.0,205,10.789473684210526,57582,11,1,16,7.0,30.714285714285715,105.57142857142857,3.5,0.0
A-1f0636,EdTech,AU,partner,Pro,105,False,False,2024-01-01,,2024-12-31,12.0,,,11,8610.0,3,0,0.8181818181818182,103320.0,103320.0,685,10.073529411764707,212120,30,4,32,2.0,38.5,75.0,3.5,0.0
A-cb5333,DevTools,US,ads,Pro,33,False,False,2024-03-26,2024-08-11,2024-12-31,9.2,features,0.0,16,1641.0,0,1,0.75,19692.0,15097.0,796,9.707317073170731,263767,34,8,36,4.0,30.75,85.75,3.0,0.0
A-309e54,DevTools,US,other,Pro,15,False,False,2024-12-09,2024-12-14,2024-12-31,0.7,support,106.67,11,2595.3636363636365,0,1,1.0,31144.0,1817.0,509,9.788461538461538,168199,24,3,28,5.0,23.8,90.2,3.0,0.0
A-6e7827,DevTools,US,other,Basic,1,False,False,2023-03-26,2024-04-09,2024-12-31,21.2,features,0.0,9,927.1111111111111,3,0,0.7777777777777778,11125.0,19655.0,419,10.21951219512195,123307,31,3,24,2.0,51.0,83.5,3.5,0.0
A-50bb9f,Cybersecurity,US,organic,Pro,2,False,False,2024-07-12,2024-09-12,2024-12-31,5.7,unknown,0.0,8,2157.875,2,0,0.875,25894.0,12300.0,276,11.5,99328,15,5,18,7.0,33.285714285714285,74.71428571428571,4.0,0.0
A-5fe118,Cybersecurity,US,other,Enterprise,39,False,False,2024-11-07,2024-12-16,2024-12-31,1.8,features,114.86,5,4458.0,0,0,0.8,53496.0,8024.0,233,11.095238095238095,59902,12,5,14,1.0,19.0,26.0,4.0,0.0
A-5247b3,FinTech,UK,partner,Pro,16,True,False,2024-03-12,2024-10-16,2024-12-31,9.7,pricing,0.0,11,1071.909090909091,3,0,0.9090909090909091,12863.0,10398.0,610,10.166666666666666,177212,29,9,32,5.0,45.8,96.6,4.0,0.0
A-f44180,Cybersecurity,UK,event,Pro,9,False,False,2023-02-13,2023-04-29,2024-12-31,22.6,competitor,38.15,11,2617.090909090909,0,0,0.7272727272727273,31405.0,59146.0,520,10.0,164121,22,10,27,2.0,46.5,123.0,5.0,0.0
A-c16cf7,EdTech,US,event,Pro,13,True,False,2024-10-16,2024-12-07,2024-12-31,2.5,support,0.0,10,1227.4,0,0,0.8,14729.0,3068.0,577,9.948275862068966,144846,26,8,33,3.0,48.333333333333336,111.66666666666667,3.5,0.0
A-d42431,FinTech,FR,ads,Enterprise,22,True,False,2024-06-09,2024-10-12,2024-12-31,6.7,budget,17.42,9,2351.1111111111113,1,1,0.7777777777777778,28213.0,15752.0,457,9.72340425531915,133864,34,6,26,4.0,24.25,119.5,4.0,0.0
A-6965e1,DevTools,US,organic,Basic,13,False,False,2024-11-25,2024-12-09,2024-12-31,1.2,features,0.0,12,2313.75,1,1,0.6666666666666666,27765.0,2776.0,627,10.627118644067796,188154,29,4,27,3.0,39.0,128.33333333333334,3.0,0.0
A-0354fe,Cybersecurity,US,other,Basic,34,False,False,2024-10-22,2024-11-26,2024-12-31,2.3,support,0.0,7,2210.0,1,0,0.7142857142857143,26520.0,5083.0,463,10.28888888888889,152435,30,3,28,4.0,20.0,69.25,4.0,0.0
A-0a62f5,FinTech,UK,partner,Pro,16,False,False,2024-09-11,2024-12-27,2024-12-31,3.6,support,43.6,4,1215.25,0,0,1.0,14583.0,4375.0,244,9.76,74890,7,2,20,2.0,33.5,105.0,,0.0
A-f5641b,EdTech,US,other,Pro,31,False,False,2024-03-30,2024-06-17,2024-12-31,9.1,features,0.0,10,3912.0,1,1,0.6,46944.0,35599.0,438,11.23076923076923,141649,18,4,27,4.0,47.5,98.0,3.0,0.25
A-b44e3e,Cybersecurity,UK,ads,Basic,40,False,False,2024-02-12,2024-04-14,2024-12-31,10.6,unknown,0.0,7,6217.285714285715,3,0,0.8571428571428571,74607.0,65903.0,387,10.18421052631579,114913,13,4,20,3.0,40.0,75.33333333333333,4.333333333333333,0.0
A-3b37d9,FinTech,US,event,Enterprise,23,False,False,2023-01-27,2024-10-13,2024-12-31,23.1,support,0.0,7,2776.4285714285716,2,0,0.8571428571428571,33317.0,64136.0,451,10.488372093023257,128119,21,2,26,5.0,36.0,89.8,4.5,0.0
A-54d94a,Cybersecurity,IN,event,Basic,27,False,False,2023-05-01,,2024-12-31,20.0,,,11,1141.5454545454545,1,1,0.9090909090909091,13699.0,22831.0,582,9.864406779661017,174162,28,7,30,4.0,53.75,82.75,3.5,0.0
A-7f29a7,Cybersecurity,UK,event,Basic,41,True,False,2024-09-18,2024-10-09,2024-12-31,3.4,unknown,23.97,11,1714.5454545454545,0,0,0.6363636363636364,20575.0,5829.0,619,9.983870967741936,177209,38,9,32,1.0,24.0,5.0,4.0,0.0
A-089363,FinTech,AU,event,Basic,2,False,False,2023-05-06,2023-11-27,2024-12-31,19.9,pricing,0.0,14,1507.4285714285713,2,0,0.5714285714285714,18089.0,29998.0,628,10.295081967213115,196491,33,9,30,3.0,35.0,91.33333333333333,3.6666666666666665,0.0
A-524364,DevTools,FR,partner,Enterprise,3,False,False,2024-12-31,,2024-12-31,0.0,,,6,1592.0,0,0,1.0,19104.0,0.0,237,9.115384615384615,72569,24,2,18,3.0,47.666666666666664,75.33333333333333,4.333333333333333,0.0
A-855a48,EdTech,US,partner,Pro,14,True,False,2023-12-22,2024-08-01,2024-12-31,12.3,unknown,7.92,8,3797.0,0,1,0.375,45564.0,46703.0,448,10.181818181818182,145908,16,7,26,5.0,39.6,122.0,3.6666666666666665,0.0
A-756192,FinTech,IN,other,Basic,19,False,False,2023-06-11,,2024-12-31,18.7,,,10,2140.0,1,0,0.8,25680.0,40018.0,617,9.640625,183585,43,3,32,3.0,37.333333333333336,102.33333333333333,4.0,0.0
A-49b828,FinTech,IN,ads,Pro,6,False,False,2023-05-05,,2024-12-31,19.9,,,14,2222.0,2,0,0.9285714285714286,26664.0,44218.0,687,10.569230769230769,187183,45,10,29,3.0,13.666666666666666,87.66666666666667,3.5,0.3333333333333333
A-c7ffc2,Cybersecurity,US,partner,Pro,30,True,False,2023-01-27,2023-11-11,2024-12-31,23.1,features,174.92,12,3009.3333333333335,3,0,0.75,36112.0,69516.0,640,10.32258064516129,200957,28,6,30,2.0,64.0,86.0,3.0,0.0
A-751c58,FinTech,UK,organic,Basic,15,False,False,2024-07-18,2024-12-16,2024-12-31,5.5,budget,0.0,11,1781.5454545454545,4,0,0.8181818181818182,21379.0,9798.0,574,10.830188679245284,179405,12,3,31,5.0,39.6,130.0,4.333333333333333,0.0
A-72799b,DevTools,FR,event,Enterprise,20,False,True,2023-11-13,2024-05-05,2024-05-05,5.7,pricing,0.0,10,1731.5,2,1,0.8,20778.0,9870.0,550,9.821428571428571,154998,34,10,31,2.0,33.5,80.0,4.5,0.5
A-812c5b,DevTools,CA,organic,Basic,55,False,True,2024-02-25,2024-05-11,2024-05-11,2.5,support,11.83,13,2298.769230769231,0,0,0.9230769230769231,27585.0,5747.0,866,9.840909090909092,269595,46,11,33,4.0,27.0,88.25,4.0,0.0
A-075038,HealthTech,UK,ads,Basic,17,False,False,2023-05-12,2024-09-05,2024-12-31,19.7,features,6.38,14,1350.642857142857,1,0,0.7857142857142857,16208.0,26608.0,743,10.614285714285714,198728,31,9,32,2.0,43.5,54.0,3.0,0.0
A-940b8b,HealthTech,DE,organic,Basic,1,False,False,2024-03-19,,2024-12-31,9.4,,,8,1205.0,1,1,0.75,14460.0,11327.0,362,10.342857142857143,121184,32,3,23,3.0,41.333333333333336,89.33333333333333,4.0,0.0
A-2d1036,FinTech,US,ads,Pro,69,False,True,2024-06-14,2024-10-28,2024-10-28,4.5,pricing,39.09,13,4973.307692307692,0,1,0.7692307692307693,59680.0,22380.0,692,10.028985507246377,181335,40,10,31,5.0,37.8,49.0,4.6,0.2
A-0f6450,FinTech,US,other,Pro,28,True,True,2024-12-27,2024-12-30,2024-12-30,0.1,competitor,0.0,11,2163.6363636363635,0,0,0.7272727272727273,25964.0,216.0,539,9.981481481481481,174670,39,8,31,8.0,29.75,81.625,3.8333333333333335,0.125
A-9affe6,Cybersecurity,US,other,Pro,7,False,False,2023-03-22,2024-01-12,2024-12-31,21.4,features,83.06,11,966.9090909090909,2,0,0.9090909090909091,11603.0,20692.0,473,10.063829787234043,144853,16,3,26,3.0,58.0,76.0,3.0,0.0
A-80eeb6,Cybersecurity,UK,organic,Enterprise,22,False,False,2023-05-09,2024-02-09,2024-12-31,19.8,budget,0.0,16,4280.5625,4,1,0.9375,51367.0,84755.0,725,9.539473684210526,221904,43,9,38,4.0,40.25,68.25,3.6666666666666665,0.25
A-d4e0d4,FinTech,US,other,Basic,117,False,False,2024-10-18,,2024-12-31,2.4,,,10,13806.0,1,1,0.9,165672.0,33134.0,488,9.959183673469388,144771,33,6,30,4.0,39.25,76.25,4.0,0.0
A-c7e58b,HealthTech,IN,other,Pro,3,False,False,2023-06-25,,2024-12-31,18.2,,,7,769.1428571428571,0,0,0.5714285714285714,9230.0,13998.0,343,10.088235294117647,105853,18,1,22,5.0,30.6,98.4,3.5,0.0
A-016043,EdTech,CA,organic,Basic,4,True,False,2024-07-31,2024-08-11,2024-12-31,5.0,competitor,84.75,11,1501.4545454545455,3,0,0.5454545454545454,18017.0,7507.0,490,10.425531914893616,132075,21,3,26,3.0,30.333333333333332,78.0,4.0,0.0
A-bbe56f,HealthTech,US,ads,Enterprise,21,False,False,2023-02-16,,2024-12-31,22.5,,,5,1205.0,1,0,1.0,14460.0,27112.0,232,10.545454545454545,60604,8,4,13,4.0,26.25,120.5,4.0,0.0
A-7c5768,HealthTech,UK,event,Enterprise,3,False,False,2024-03-02,,2024-12-31,10.0,,,9,376.55555555555554,0,0,0.8888888888888888,4519.0,3766.0,461,10.021739130434783,142276,31,4,27,5.0,28.8,96.4,4.0,0.0
A-751bd4,Cybersecurity,UK,partner,Pro,10,False,False,2024-07-12,2024-09-22,2024-12-31,5.7,budget,0.0,2,95.0,0,0,1.0,1140.0,542.0,92,9.2,32629,0,0,9,6.0,23.166666666666668,112.0,4.25,0.16666666666666666
A-4e0e85,DevTools,US,organic,Enterprise,6,False,False,2023-09-08,2024-03-14,2024-12-31,15.8,pricing,0.0,8,568.0,1,0,0.875,6816.0,8974.0,288,9.290322580645162,80419,9,2,20,2.0,53.0,119.5,5.0,0.0
A-ad3abd,FinTech,US,event,Pro,44,False,False,2023-03-03,2023-07-12,2024-12-31,22.0,competitor,0.0,7,2413.714285714286,0,0,0.7142857142857143,28965.0,53102.0,296,10.206896551724139,94866,11,1,20,3.0,13.0,70.33333333333333,3.0,0.0
A-e19ff6,Cybersecurity,UK,partner,Enterprise,1,False,False,2023-07-28,2024-06-27,2024-12-31,17.1,competitor,0.0,12,409.1666666666667,1,0,0.5833333333333334,4910.0,6997.0,456,10.133333333333333,144844,24,1,26,3.0,30.666666666666668,115.0,4.666666666666667,0.0
A-7920cc,Cybersecurity,FR,ads,Pro,39,False,False,2023-11-23,,2024-12-31,13.3,,,16,3255.5625,1,0,1.0,39067.0,43299.0,601,9.693548387096774,177512,28,4,32,7.0,32.857142857142854,113.42857142857143,4.333333333333333,0.0
A-5a92e7,HealthTech,US,ads,Pro,4,False,False,2024-06-11,2024-11-11,2024-12-31,6.7,budget,0.0,19,666.8947368421053,0,0,0.7894736842105263,8003.0,4468.0,885,10.411764705882353,276337,76,8,37,7.0,45.0,86.14285714285714,4.4,0.0
A-fdfc91,Cybersecurity,US,ads,Basic,29,False,False,2023-05-06,,2024-12-31,19.9,,,10,2061.2,1,0,0.9,24734.0,41018.0,564,10.071428571428571,158143,29,1,32,5.0,28.8,121.0,3.6666666666666665,0.0
A-1e50e0,Cybersecurity,DE,other,Pro,19,True,True,2023-02-21,2024-04-26,2024-04-26,14.1,pricing,0.0,5,2659.0,1,0,0.8,31908.0,37492.0,194,9.7,62650,15,2,17,2.0,20.5,143.0,5.0,0.5
A-1e1b80,FinTech,CA,other,Enterprise,50,False,False,2023-09-12,2024-11-13,2024-12-31,15.6,features,0.0,12,4053.9166666666665,1,0,0.8333333333333334,48647.0,63241.0,682,10.029411764705882,209315,47,2,34,6.0,43.0,67.5,3.2,0.0
A-659280,FinTech,IN,event,Enterprise,13,True,True,2023-11-17,2024-11-22,2024-11-22,12.2,pricing,27.75,12,1787.5,2,0,0.25,21450.0,21808.0,613,10.216666666666667,186122,34,6,30,4.0,8.0,123.75,4.333333333333333,0.0
A-f6b2fb,DevTools,AU,event,Basic,23,False,False,2024-04-23,2024-07-11,2024-12-31,8.3,support,0.0,10,2335.9,1,1,0.8,28031.0,19388.0,524,9.527272727272727,158412,37,8,29,5.0,55.0,88.6,4.0,0.2
A-cb6cc6,DevTools,US,ads,Basic,13,True,False,2023-04-03,,2024-12-31,21.0,,,7,374.57142857142856,2,0,0.42857142857142855,4495.0,7866.0,314,8.971428571428572,101719,26,0,21,3.0,16.333333333333332,131.66666666666666,3.5,0.0
A-d62e02,Cybersecurity,US,partner,Pro,6,False,False,2024-08-20,,2024-12-31,4.4,,,10,2132.4,1,1,0.8,25589.0,9383.0,344,10.117647058823529,126757,23,4,25,1.0,36.0,31.0,4.0,0.0
A-d535f6,DevTools,US,organic,Basic,12,True,True,2024-09-03,2024-11-26,2024-11-26,2.8,features,0.0,9,823.8888888888889,1,3,0.8888888888888888,9887.0,2307.0,477,10.148936170212766,146053,29,4,26,0.0,,,,0.0
A-39868b,FinTech,AU,partner,Pro,9,False,False,2024-03-17,2024-05-24,2024-12-31,9.5,budget,0.0,5,838.8,1,0,0.4,10066.0,7969.0,305,10.892857142857142,106292,21,5,22,6.0,39.0,100.83333333333333,4.25,0.0
A-3cc791,EdTech,US,other,Enterprise,6,False,False,2024-01-10,2024-10-09,2024-12-31,11.7,features,0.0,8,1065.25,0,0,0.75,12783.0,12463.0,447,9.717391304347826,149032,30,5,28,6.0,48.333333333333336,95.83333333333333,4.25,0.16666666666666666
A-337bc1,Cybersecurity,US,organic,Pro,30,True,False,2023-07-19,2023-12-16,2024-12-31,17.4,unknown,0.0,7,2768.4285714285716,2,2,0.8571428571428571,33221.0,48171.0,425,9.883720930232558,141115,34,4,27,4.0,32.5,62.75,4.0,0.25
A-58b9ff,DevTools,IN,partner,Enterprise,2,False,False,2024-05-31,2024-10-10,2024-12-31,7.0,pricing,0.0,13,1741.6923076923076,1,1,0.6153846153846154,20900.0,12192.0,667,10.261538461538462,200727,32,7,28,2.0,66.0,79.0,4.0,0.5
A-bf7919,HealthTech,US,organic,Pro,3,False,False,2024-11-27,2024-12-17,2024-12-31,1.1,features,0.0,6,260.0,0,0,0.6666666666666666,3120.0,286.0,262,10.076923076923077,77458,14,4,23,2.0,14.5,81.5,5.0,0.0
A-1d5444,Cybersecurity,US,partner,Basic,24,False,True,2024-01-18,2024-06-01,2024-06-01,4.4,support,0.0,14,2211.285714285714,2,0,0.7142857142857143,26535.0,9730.0,592,10.033898305084746,182031,35,6,28,2.0,30.0,62.5,4.0,0.0
A-0f3e88,HealthTech,US,other,Basic,7,False,True,2023-07-23,2024-08-11,2024-08-11,12.6,budget,0.0,11,511.27272727272725,2,0,0.7272727272727273,6135.0,6442.0,598,10.135593220338983,176630,28,6,32,3.0,48.0,67.0,4.5,0.0
A-7641d3,EdTech,US,partner,Pro,8,True,True,2023-02-16,2024-06-07,2024-06-07,15.7,unknown,96.35,11,1096.3636363636363,0,1,0.7272727272727273,13156.0,17213.0,519,10.38,164755,26,4,28,5.0,45.2,124.6,4.333333333333333,0.4
A-cd458b,DevTools,US,other,Basic,10,True,False,2024-06-15,2024-11-07,2024-12-31,6.5,budget,0.0,15,2886.0666666666666,0,1,0.8666666666666667,34633.0,18759.0,864,10.285714285714286,266624,45,2,34,5.0,38.4,81.2,4.6,0.0
A-c16b88,HealthTech,US,event,Enterprise,23,False,False,2023-12-02,2024-06-01,2024-12-31,13.0,competitor,0.0,9,2259.777777777778,2,0,0.6666666666666666,27117.0,29377.0,457,9.520833333333334,154959,24,6,28,3.0,48.333333333333336,137.66666666666666,3.0,0.0
A-59f724,HealthTech,US,other,Enterprise,3,True,False,2023-11-03,,2024-12-31,13.9,,,12,814.4166666666666,2,0,0.75,9773.0,11320.0,696,10.235294117647058,221691,47,6,33,4.0,19.25,94.5,4.25,0.0
A-87aa7b,HealthTech,US,organic,Pro,24,True,False,2024-05-16,2024-12-26,2024-12-31,7.5,budget,0.0,16,1430.0625,4,2,0.8125,17161.0,10725.0,742,10.305555555555555,210545,35,6,31,3.0,27.333333333333332,72.66666666666667,,0.3333333333333333
A-1e6fc3,EdTech,FR,other,Pro,1,False,False,2023-12-06,2024-03-20,2024-12-31,12.8,pricing,0.0,4,111.0,0,0,1.0,1332.0,1421.0,244,9.384615384615385,85274,19,1,19,5.0,23.8,88.6,3.6666666666666665,0.0
A-39ddf4,EdTech,US,partner,Enterprise,40,False,False,2024-12-05,2024-12-13,2024-12-31,0.9,support,0.0,9,3981.777777777778,0,0,0.7777777777777778,47781.0,3584.0,455,9.891304347826088,139654,36,6,27,5.0,23.0,76.2,4.25,0.0
A-34ea2f,HealthTech,US,organic,Enterprise,8,False,True,2024-08-15,2024-10-19,2024-10-19,2.1,unknown,1.85,12,1215.25,3,0,0.6666666666666666,14583.0,2552.0,550,9.649122807017545,175157,30,3,29,8.0,35.25,65.625,3.8,0.0
A-716841,FinTech,US,other,Pro,45,False,False,2024-05-06,2024-11-13,2024-12-31,7.9,unknown,0.0,8,3279.25,0,0,1.0,39351.0,25906.0,344,10.117647058823529,111161,13,1,26,5.0,29.8,112.8,4.0,0.0
A-558c72,FinTech,US,organic,Basic,12,False,False,2023-06-01,2024-11-28,2024-12-31,19.0,support,43.01,7,1310.142857142857,1,0,0.8571428571428571,15722.0,24893.0,296,9.866666666666667,83537,16,4,19,4.0,64.25,79.25,4.5,0.25
A-cc1d8d,FinTech,US,other,Pro,5,False,False,2024-12-08,2024-12-19,2024-12-31,0.8,unknown,217.22,13,688.2307692307693,1,1,0.8461538461538461,8259.0,551.0,618,9.80952380952381,204365,48,11,33,5.0,30.2,99.2,4.5,0.0
A-7f4db3,FinTech,US,other,Pro,4,False,False,2023-03-05,2023-03-21,2024-12-31,21.9,support,0.0,15,1751.7333333333333,0,1,0.8666666666666667,21021.0,38363.0,844,9.377777777777778,278000,46,6,36,5.0,16.6,91.4,3.25,0.2
A-db5e9e,DevTools,US,partner,Basic,4,False,False,2024-11-09,2024-12-29,2024-12-31,1.7,pricing,0.0,8,1156.375,0,1,0.75,13876.0,1966.0,586,10.280701754385966,170855,27,7,29,2.0,66.0,97.5,5.0,0.0
A-cc102e,HealthTech,US,partner,Enterprise,13,False,False,2024-04-15,2024-11-19,2024-12-31,8.5,pricing,61.1,10,1006.3,1,0,0.8,12076.0,8554.0,394,9.162790697674419,121564,39,5,26,4.0,33.25,109.0,4.333333333333333,0.0
A-82d8a6,Cybersecurity,UK,ads,Basic,5,False,False,2024-11-28,2024-12-29,2024-12-31,1.1,features,0.0,17,1645.0588235294117,5,2,0.8823529411764706,19741.0,1810.0,661,9.442857142857143,198538,38,9,32,5.0,42.2,112.0,3.5,0.0
A-dec005,HealthTech,US,partner,Pro,21,False,False,2023-10-13,2024-11-23,2024-12-31,14.6,support,0.0,10,3074.4,1,0,0.7,36893.0,44886.0,475,9.313725490196079,145213,44,6,31,2.0,59.0,152.0,3.0,0.0
A-5790f4,FinTech,UK,event,Pro,1,True,False,2024-12-22,2024-12-31,2024-12-31,0.3,competitor,0.0,6,3154.3333333333335,0,0,0.5,37852.0,946.0,321,9.17142857142857,95888,26,2,25,4.0,44.0,57.25,4.0,0.25
A-7c83a1,Cybersecurity,US,partner,Pro,12,False,False,2024-05-06,2024-05-19,2024-12-31,7.9,unknown,0.0,12,1394.25,0,1,0.9166666666666666,16731.0,11015.0,632,10.193548387096774,203509,23,4,29,4.0,42.0,86.25,4.0,0.0
A-297a2d,HealthTech,UK,event,Pro,27,False,False,2023-05-05,,2024-12-31,19.9,,,5,2874.6,3,0,0.8,34495.0,57205.0,244,9.76,70412,22,6,23,2.0,32.5,84.5,3.0,0.0
A-4c56c9,FinTech,US,partner,Enterprise,9,False,True,2023-12-20,2024-04-05,2024-04-05,3.5,budget,44.23,13,2343.923076923077,0,0,0.7692307692307693,28127.0,8204.0,623,9.734375,195927,38,7,34,5.0,38.6,68.2,3.75,0.0
A-cbbe12,Cybersecurity,DE,partner,Enterprise,40,False,False,2023-03-22,,2024-12-31,21.4,,,6,2180.1666666666665,1,1,0.8333333333333334,26162.0,46656.0,178,8.090909090909092,49983,10,0,14,6.0,38.0,74.5,4.25,0.0
A-4a267b,FinTech,US,other,Pro,25,False,False,2024-05-05,2024-06-17,2024-12-31,7.9,support,64.54,10,2968.7,1,1,0.9,35624.0,23453.0,498,9.96,150984,22,7,31,4.0,16.25,105.0,4.333333333333333,0.0
A-bcbe98,Cybersecurity,US,other,Enterprise,46,False,False,2024-07-29,2024-11-25,2024-12-31,5.1,competitor,0.0,11,1969.6363636363637,2,1,0.8181818181818182,23636.0,10045.0,635,9.76923076923077,173619,43,12,34,7.0,38.285714285714285,61.57142857142857,4.0,0.14285714285714285
A-427b69,FinTech,US,other,Basic,17,False,False,2024-08-23,,2024-12-31,4.3,,,10,1995.8,0,0,0.7,23950.0,8582.0,698,9.971428571428572,215804,36,11,32,2.0,31.5,109.5,3.0,0.0
A-0be015,FinTech,US,event,Pro,19,False,False,2024-10-15,2024-12-13,2024-12-31,2.5,unknown,74.68,5,235.6,0,0,0.6,2827.0,589.0,297,10.607142857142858,88205,13,3,19,7.0,40.285714285714285,84.85714285714286,4.2,0.14285714285714285
A-054577,EdTech,UK,ads,Basic,2,False,False,2024-04-28,,2024-12-31,8.1,,,16,2787.5625,1,1,0.875,33451.0,22579.0,833,9.8,219747,52,10,36,1.0,46.0,70.0,4.0,0.0
A-bc87bc,FinTech,US,event,Pro,3,False,False,2024-07-17,,2024-12-31,5.5,,,8,1504.0,0,0,1.0,18048.0,8272.0,394,10.944444444444445,135160,14,3,24,7.0,40.57142857142857,112.0,3.75,0.0
A-0f7d77,FinTech,IN,partner,Pro,3,False,False,2024-10-28,2024-11-09,2024-12-31,2.1,competitor,0.0,6,387.6666666666667,0,0,0.5,4652.0,814.0,298,9.933333333333334,93933,19,1,23,5.0,27.2,74.6,5.0,0.0
A-e7beab,EdTech,DE,organic,Enterprise,5,False,False,2023-10-20,2024-04-25,2024-12-31,14.4,features,0.0,7,1618.857142857143,0,0,1.0,19426.0,23312.0,373,10.36111111111111,131074,17,2,22,6.0,36.666666666666664,124.66666666666667,4.0,0.0
A-a09355,FinTech,US,organic,Basic,14,False,False,2024-08-10,2024-10-18,2024-12-31,4.7,support,135.11,16,2133.75,0,1,0.875,25605.0,10029.0,788,10.102564102564102,217064,47,8,33,5.0,32.6,66.6,4.0,0.0
A-31ab9a,FinTech,DE,organic,Pro,3,False,False,2024-03-03,2024-09-23,2024-12-31,10.0,competitor,0.0,7,2257.4285714285716,0,0,0.8571428571428571,27089.0,22574.0,340,10.0,129917,23,4,19,7.0,43.142857142857146,67.71428571428571,3.5,0.0
A-0158bb,FinTech,DE,partner,Basic,5,False,False,2024-05-22,,2024-12-31,7.3,,,6,678.3333333333334,1,0,0.8333333333333334,8140.0,4952.0,364,10.11111111111111,122051,22,3,19,1.0,32.0,50.0,3.0,0.0
A-f19b24,Cybersecurity,US,organic,Pro,29,True,False,2023-01-10,,2024-12-31,23.7,,,3,841.0,0,0,1.0,10092.0,19932.0,119,9.916666666666666,46012,10,0,12,2.0,35.5,74.0,4.0,0.5
A-798a3f,DevTools,FR,other,Enterprise,12,False,True,2023-10-19,2024-07-19,2024-07-19,9.0,support,0.0,9,1572.4444444444443,1,0,0.7777777777777778,18869.0,14152.0,352,9.513513513513514,105146,19,3,19,5.0,33.0,45.2,4.0,0.0
A-42b791,FinTech,AU,event,Pro,3,False,False,2024-05-20,,2024-12-31,7.4,,,7,2722.8571428571427,0,0,0.5714285714285714,32674.0,20149.0,312,9.75,84693,6,2,19,3.0,33.666666666666664,72.0,4.0,0.0
A-068fc6,EdTech,US,event,Enterprise,35,False,False,2023-07-17,,2024-12-31,17.5,,,10,2908.5,1,0,0.9,34902.0,50899.0,598,10.135593220338983,189037,29,5,32,5.0,38.8,121.4,4.333333333333333,0.0
A-6f50ae,FinTech,US,partner,Pro,19,False,True,2023-09-21,2024-02-26,2024-02-26,5.2,features,0.0,14,1900.5714285714287,0,1,0.6428571428571429,22807.0,9883.0,811,9.771084337349398,240012,48,5,35,5.0,31.0,87.4,4.5,0.0
A-a2485e,FinTech,US,event,Pro,3,True,False,2024-08-04,,2024-12-31,4.9,,,6,1462.5,0,1,0.6666666666666666,17550.0,7166.0,317,11.321428571428571,102647,13,5,22,0.0,,,,0.0
A-bb1eaa,Cybersecurity,US,organic,Basic,21,False,False,2024-06-11,2024-08-15,2024-12-31,6.7,pricing,0.0,5,2076.2,0,1,1.0,24914.0,13911.0,164,9.647058823529411,45337,7,2,15,6.0,23.5,92.33333333333333,4.5,0.0
A-cc98bc,DevTools,US,ads,Basic,32,False,False,2023-05-24,,2024-12-31,19.3,,,10,2156.7,1,0,0.9,25880.0,41624.0,551,10.39622641509434,160470,24,3,29,3.0,4.666666666666667,122.33333333333333,4.0,0.0
A-d77f4c,DevTools,US,partner,Pro,4,True,False,2023-09-25,2024-12-03,2024-12-31,15.2,unknown,0.0,14,3480.4285714285716,4,1,0.7857142857142857,41765.0,52903.0,617,9.951612903225806,182046,32,6,31,2.0,31.0,75.0,4.0,0.0
A-ccabf0,HealthTech,IN,organic,Pro,1,False,False,2023-11-06,2024-10-31,2024-12-31,13.8,features,0.0,10,2237.9,0,1,0.9,26855.0,30883.0,506,10.12,169088,29,8,31,4.0,46.25,89.75,3.6666666666666665,0.0
A-700ade,Cybersecurity,UK,organic,Enterprise,1,True,False,2024-10-31,,2024-12-31,2.0,,,8,2109.375,0,0,0.625,25312.0,4219.0,284,9.793103448275861,85381,18,2,20,4.0,30.25,53.5,4.666666666666667,0.0
A-4a4c2d,DevTools,US,event,Enterprise,54,False,False,2023-05-02,,2024-12-31,20.0,,,13,2612.769230769231,1,1,0.7692307692307693,31353.0,52255.0,587,9.94915254237288,164208,37,1,28,5.0,42.0,104.0,4.25,0.0
A-b7ef83,Cybersecurity,UK,partner,Pro,1,True,False,2024-05-29,2024-07-24,2024-12-31,7.1,budget,60.25,15,2391.2,2,0,0.6666666666666666,28694.0,16978.0,738,10.25,216777,39,8,34,2.0,47.5,79.0,4.0,0.0
A-e08cd3,FinTech,US,ads,Pro,67,True,False,2024-09-21,2024-12-17,2024-12-31,3.3,features,0.0,11,6456.363636363636,0,1,0.6363636363636364,77476.0,21306.0,432,10.046511627906977,138064,21,7,30,8.0,30.375,93.0,4.0,0.0
A-19b2c8,DevTools,IN,other,Pro,20,False,False,2023-06-06,2024-08-16,2024-12-31,18.9,pricing,0.0,13,2054.076923076923,1,0,0.6923076923076923,24649.0,38822.0,601,9.53968253968254,188401,34,4,31,3.0,29.333333333333332,90.0,4.666666666666667,0.0
A-970c97,HealthTech,DE,other,Enterprise,14,False,False,2024-03-01,,2024-12-31,10.0,,,8,1922.625,0,1,0.5,23072.0,19226.0,444,10.090909090909092,133732,24,2,26,1.0,61.0,139.0,5.0,0.0
A-6dee43,FinTech,UK,other,Basic,3,True,False,2023-08-12,2024-01-14,2024-12-31,16.7,pricing,143.8,11,2070.0,1,0,0.7272727272727273,24840.0,34569.0,461,9.604166666666666,142536,11,2,28,5.0,44.2,48.8,4.333333333333333,0.0
A-5ed98d,DevTools,US,partner,Basic,24,False,False,2024-06-22,2024-10-02,2024-12-31,6.3,competitor,0.0,8,1934.75,1,0,0.875,23217.0,12189.0,312,9.75,90314,18,2,23,5.0,35.8,91.8,5.0,0.0
A-c58f49,EdTech,US,other,Enterprise,70,True,False,2024-07-31,2024-09-21,2024-12-31,5.0,support,7.6,7,10140.0,1,0,1.0,121680.0,50700.0,363,9.552631578947368,108540,22,3,24,3.0,36.333333333333336,60.0,5.0,0.3333333333333333
A-cc8c8f,DevTools,US,ads,Enterprise,23,False,False,2024-06-16,2024-09-12,2024-12-31,6.5,budget,0.0,7,2228.5714285714284,1,1,0.8571428571428571,26743.0,14486.0,268,9.571428571428571,66983,18,1,20,2.0,14.5,123.0,3.5,0.0
A-5f7781,DevTools,US,other,Pro,22,False,False,2024-08-20,2024-12-25,2024-12-31,4.4,pricing,0.0,5,2050.4,1,0,0.8,24605.0,9022.0,183,10.166666666666666,69505,10,2,16,2.0,28.5,42.0,4.0,0.0
A-e1b9cd,DevTools,US,event,Pro,40,False,True,2023-02-26,2024-10-01,2024-10-01,19.2,unknown,0.0,15,2469.4666666666667,0,3,0.6666666666666666,29634.0,47414.0,840,10.5,243616,47,9,34,1.0,35.0,115.0,3.0,0.0
A-ac85cd,EdTech,US,partner,Enterprise,53,False,False,2024-07-31,2024-12-13,2024-12-31,5.0,pricing,102.39,12,3438.9166666666665,1,2,0.9166666666666666,41267.0,17195.0,634,10.063492063492063,176002,29,5,30,3.0,33.666666666666664,76.33333333333333,3.5,0.0
A-d792a6,DevTools,US,organic,Enterprise,4,False,False,2023-01-23,2024-08-13,2024-12-31,23.3,support,0.0,15,1536.6,1,1,0.9333333333333333,18439.0,35803.0,690,10.147058823529411,203395,40,7,32,5.0,40.6,97.8,4.0,0.0
A-ac9111,HealthTech,US,event,Pro,21,True,False,2023-08-12,2024-06-25,2024-12-31,16.7,budget,0.0,16,1664.125,0,1,0.875,19970.0,27791.0,808,9.734939759036145,254330,46,10,36,3.0,24.666666666666668,89.66666666666667,5.0,0.0
A-18793f,EdTech,US,organic,Basic,148,True,False,2024-12-18,2024-12-30,2024-12-31,0.4,support,25.41,11,7144.363636363636,1,0,0.8181818181818182,85732.0,2858.0,486,10.125,168310,20,4,30,5.0,45.2,101.6,3.8,0.0
A-9f0b68,EdTech,US,ads,Basic,10,False,False,2024-04-28,2024-11-01,2024-12-31,8.1,pricing,0.0,12,2376.5,2,1,0.75,28518.0,19250.0,709,10.128571428571428,194123,33,12,36,3.0,30.333333333333332,96.33333333333333,3.0,0.0
A-d3c88e,DevTools,US,event,Pro,16,False,False,2024-10-18,2024-11-18,2024-12-31,2.4,support,0.0,13,2014.076923076923,3,0,0.6923076923076923,24169.0,4834.0,644,10.0625,204483,48,11,33,3.0,58.0,48.0,4.0,0.0
A-ccb686,DevTools,US,other,Basic,10,False,False,2024-01-22,2024-11-24,2024-12-31,11.3,competitor,25.92,12,1795.0833333333333,4,1,0.6666666666666666,21541.0,20284.0,721,10.3,203848,46,8,35,1.0,67.0,30.0,4.0,0.0
A-118f1c,Cybersecurity,US,other,Pro,32,False,False,2024-10-31,2024-12-17,2024-12-31,2.0,budget,0.0,8,6520.0,0,0,0.625,78240.0,13040.0,369,9.710526315789474,96816,14,2,22,1.0,64.0,141.0,3.0,0.0
A-b9f5b1,Cybersecurity,US,other,Pro,15,True,False,2023-01-24,2023-07-21,2024-12-31,23.2,features,0.0,7,1010.2857142857143,0,0,0.7142857142857143,12123.0,23439.0,307,10.233333333333333,90576,12,3,21,6.0,31.833333333333332,75.66666666666667,3.3333333333333335,0.16666666666666666
A-8ae3fc,DevTools,CA,ads,Pro,9,False,False,2024-06-28,2024-08-10,2024-12-31,6.1,budget,0.0,8,555.875,0,0,1.0,6670.0,3391.0,402,10.307692307692308,130242,30,5,26,4.0,39.5,65.5,3.5,0.0
A-55f257,FinTech,US,organic,Basic,9,False,False,2023-12-21,,2024-12-31,12.4,,,10,1213.7,3,0,0.8,14564.0,15050.0,476,8.981132075471699,145972,25,6,31,6.0,43.166666666666664,114.5,5.0,0.0
A-d26ab4,DevTools,UK,organic,Basic,9,False,True,2024-11-07,2024-12-26,2024-12-26,1.6,pricing,86.02,9,1845.888888888889,0,1,0.7777777777777778,22151.0,2953.0,458,9.956521739130435,121379,24,3,24,2.0,49.5,110.0,4.0,0.0
A-712533,EdTech,US,organic,Pro,18,False,False,2023-07-31,2024-07-18,2024-12-31,17.0,unknown,0.0,12,1615.1666666666667,1,0,0.9166666666666666,19382.0,27458.0,571,10.381818181818181,180056,35,4,32,5.0,37.4,97.2,3.75,0.0
A-781cc0,EdTech,US,organic,Pro,12,False,False,2024-09-04,2024-12-09,2024-12-31,3.9,budget,0.0,16,1144.6875,2,0,0.6875,13736.0,4464.0,864,9.931034482758621,270008,42,7,31,4.0,57.5,106.0,3.6666666666666665,0.0
